id,text
826682ec-b88f-4445-97f0-3b4e198fb39b,आजीविका नास्तिक आशिल्ले आनी तांणी वेदांचो अधिकार तशेंच बौध्द कल्पना न्हयकारल्यो.
df2312fe-7d48-4805-8c65-26649d82d467,"हेर आख्यायिकांनी लागसारचो एक कल्याणमंटप वा देवूळ, आतां ताची दुरुस्ती केल्या, थंय शिव आनी पार्वतीचें लग्न जाल्लें अशें म्हण्टात."
3574ac5d-2193-42f3-b02f-084cd3b66d91,"हिंदी सिनेमा वांगडाच ताणें भोजपुरी, गुजराती, हरियाणवी, मराठी, पंजाबी, बंगाली आनी सिंधी ह्या चित्रपटांनीय अभिनय केला."
49ecdeca-27ce-4282-8dc7-d042784071b8,ताची सद्याची संचालक नामनेची नर्तकी माया राव.
16b88660-8240-4ce3-8360-fcb3cbe65bb4,तिणें दिल्ली विद्यापीठांतल्यान उद्देगधंदो अभ्यासांतली पदवी घेतली.
8ea05ecb-4af7-4e62-8305-9704a737b361,पावसाळ्यांत उटंगारांचो पावस पडल्यार जमीन कोसळपाचो धोको वाडटा.
8f9bdbf4-3f93-4fd1-b6c2-dc7bb05a8b12,"ती पद्मावतीचो भेस करून रतन सेना मुखार हाजीर रावली, पूण राजा फटवलो ना."
7fdb661d-6167-4a03-8bb9-31ebfef1db25,जोखीम पत्करपी मोगींनी धरणाचें उदक सोडटात तातुंल्यान आनंद घेवपाची एक आगळीच पद्दत सोदून काडल्या.
f092ae90-5058-4fc5-afd6-378f646532de,निद्रानाश स्वतंत्रपणान वा दुसऱ्या समस्याचें परिणाम म्हणून जावंक शकता.
cfcb7c35-0c90-41ba-b750-e449f386c283,"नेटवर्किंग कार्यावळीं खातीर लोकप्रिय उद्देगांत गुंतवणूक, सॉफ्टवेअर, प्रोग्रामिंग, जैवतंत्रज्ञान हांचो आस्पाव जाता."
78a2f109-7251-46b6-83a4-03d036e5b52b,ह्या सगळ्यांनी एकाच गीताक आवाज दिवपाचो घडये एकमेव वेळ आसतलो.
93955a81-0e73-4029-83f3-3959e473c64a,उत्तरेकडल्या सगळ्या जुंव्यांचे लोक अरबी मलयाळमा सारकें अरबी भाशेचो प्रभाव आशिल्ली मलयाळम भाशेची एक बोली उलयतात.
d1b85b6c-5fe9-4505-ad75-79ca9b842428,"अर्थ, आनंद आनी उद्देश दिवपी नोकरी फकत पगार दिवपी नोकरे परस श्रेश्ठ आसता."
6a2f13ca-e2c5-4a54-98f6-f8af8b5f0c9d,"दुसरे कसोटींत गोल करपाक अपेस आयले उपरांत कलकत्ता हांगा जाल्ले तिसरे कसोटींत ताणें 107 आनी 182 नॉट आउट केल्ले, ही आनीक एक चड गूण मेळोवपी बरोबरी."
282aeca3-bee9-435c-b9d0-7d0ada713a45,"उपरांत तैमूर कापाड्जेन एकुणटिसाव्या मिण्टांचेर उझबेकिस्तानाक दोनांचेर व्हेलो, आनी हाफ टायमापयलीं उलुग्बेक बाकेवान पॅनल्टी किक मारून 3-0 स्कोर केलो."
4f5116a7-a4b8-46f2-8b5d-e1f4248ce4ca,हाका लागून मात ताच्या ज्ञानाच्या संशोधनाक आडमेळीं येवंक नाशिल्लीं कारण सांजवेळार सुशेग घेतना तो कोणाक तरी वाचपाक लायतालो अशें सदांच म्हणटात.
e1a42cd3-2968-4ec7-a573-707fa74c14bb,नळे आनी माळयेवेल्यान फुटिल्ले कुडके कोळसून पडिल्ल्यान चडशीं जखमी जाल्यांत.
087f4925-90e9-49b5-9c76-10cb7e531e9e,"दर एका मैफलीच्या शेवटाक मंगलम, उपकाराची प्रार्थना आनी संगीत कार्यावळीचो निमणो भाग सादर जाता."
f04934bf-6ee9-453f-a6ef-94f7bc3c7af3,12 मार्च 2016 ह्या दिसा जाल्ल्या संवसारीक सांस्कृतीक महोत्सवांत 1000 परस चड ओडिसी नर्तकांनी सादरीकरण केलें.
3abaade4-3489-44f6-9d7f-a1cda0bd8382,गिमाळ्यांत पुराय उत्तर प्रदेशांत लू हें उश्ण वारें व्हांवता.
dad858f0-1035-40b9-8346-958c70c3cb5f,ताणें एका बेबद्या शास्त्रीय नर्तकाचें चित्रण केल्ल्यान ताका पयलो नंदी पुरस्कार उत्कृश्ट अभिनेतो आनी दुसरो फिल्मफेअर उत्कृश्ट तेलुगू अभिनेतो पुरस्कार मेळ्ळो.
bf5e85b9-cc8d-466f-a5d8-05743aa09f01,फलंदाज बाद जायत रावले आनी तातूंत सचिन बाद जातकच प्रेक्षकांनी दंगल करून मैदानाचेर कोयर उडोवपाक सुरवात केल्या उपरांत मॅच रेफ्री क्लायव्ह लॉयडान श्रीलंका जिखले म्हण घोशित केलें.
29748f86-3ee4-437d-92b4-6db59dc7c1a1,"१६७५ त शीख फुडारी गुरू तेघ बहादुराक औरंगजेबाच्या आदेशावेल्यान अटक करून, एका कादीच्या राजदरबारान ताका ईश्वरनिंदा केल्या म्हण दोशी थारावन शिरच्छेद केलो."
7d1a5a08-1318-49ce-b31e-ee2f05a58e3a,व्हल्याच्या फळ्याक ते ज्या क्लबाचे वांगडी आसात तांचो रंग मारतात.
4d26a5d9-3c7d-4e3d-9589-8a0efd3d9cd3,"ताणें ह्या वर्साची निमाणी रिलीज तारकीब, नाना पाटेकार, तबू आनी शिल्पा शेट्टी हांचे वांगडा केली."
bed2eb91-69f5-4ec6-9cbb-4415f0d10872,ताच्या आदल्या महाकूट स्तंभ कोरांतणेंत आपलो बापूय कीर्तिवर्मनान लेगीत गंगां ताब्यांत घेतिल्लें अशें मंगलेशान म्हळां.
283d0e4e-3f8e-4116-94d7-de5820fb2d65,यशस्वी वेवसाय मालकीतलो एक म्हत्वाचो भाग म्हळ्यार तुमच्या अहंकार कुशीक दवरप आनी मदत मागप.
edad4854-2e84-45bb-aec6-6f9186c091bf,धर्तरेच्या वातावरणाच्या वयल्या वाठारांचो सोद घेवपा खातीर तयार केल्ल्या ह्या रॉकेटाक ‘साउंडींग रॉकेट’ अशें म्हणटात.
5081e860-16aa-49b5-aae8-fddfb8a54076,ह्या विभागांत कंपनीच्या घोशवाक्यां विशीं आनी ते ब्रँडाचो प्रचार करपाक कित्याक वावुरतात हाचे विशीं म्हायती आसूं येता.
490d6121-ed36-4693-80c5-296da663d9a3,"कुमार 1995 वर्सा विभागांतल्यान निवृत्त जालो. ते मेरेन, विविध समितींचें मार्गदर्शन आनी वांगडी जावन ताणें भारतीय विज्ञानाच्या अभ्यासक्रमाचेर म्हत्त्वपूर्ण प्रभाव घातलो, जंय ताणें कोणाकूय सकयल घालिनासतना तार्कीक आनी निर्विवाद दृश्टिकोनाच सक्त करपाची तांची खास शैली आपणायली."
c96211db-23cd-40ae-89cb-95af70d58ee0,"पूण हालींच मार्च 2013 वर्सा, मेघालय उच्च न्यायालय गुवाहाटी उच्च न्यायालयांतल्यान वेगळें केल्लें आनी आतां राज्यांत स्वताचें उच्च न्यायालय आसा."
0bfcc754-1ca3-4009-bbf1-5c587c637dc5,तुमचीं बॅटरी परत परत चार्ज करपाक बॅटरी चार्जर गरजेचो आसता.
27f7a458-58d4-4311-9a42-9218e643f6d5,फारीकणे खातीर तुजें क्रेडीट वा डेबिट कार्ड हाड.
9e056c34-d21e-4cde-84f2-eaa428e0334a,"कांय पतंग झुजारी, कायदेशीरपणान, आपलीं सुतां दळिल्लो कंवचेचो पिठो आनी गोमाच्या मिश्रणांत बुडोवन काडटात."
8a92857a-759a-48d6-adb5-97132efcd5ac,1510 त पुर्तुगेजांनी बीजापूराचो सत्ताधारी सुलतान युसुफ आदिलशहाक तिमोजी ह्या खाजगी सांगात्याच्या आदारान हारयलो.
c8c8e1d2-1707-42ed-a667-86ee9f15b6d1,"ताची कृती म्हटल्यार थापटी/ताळी, ताचे फाटोफाट वीचू (तरंग) काडप."
c1024c4c-80ed-4fbe-9936-910de540d40c,हो उत्सव देशभर मनयतात. सगळ्यांत भव्य उत्सव सदांच कोव्हिल मॉंटॅग्न हांगा जाता.
bdfbd6c5-c6ba-4723-989d-a466ab003bf2,"जळाराची लाळ मनशाचे कातींत वाशिनान तोंपली जाल्यार हो विशाणू एपिडर्मल कॅराटिनोसायट्स, त्वचेंतल्या कातीच्या फायब्रोब्लास्टांक आनी लॅंगरहॅन्स पेशींक संक्रमीत करूंक शकता."
3ace1dd0-8e39-4e17-bfcb-5822d91724c2,"हिंदू धर्मीक श्रद्धांप्रमाण, शिवान आपल्या दैवी साथी पार्वतीक जिणेचें आनी अनंतकाळाचें गुपीत सांगिल्लें, तें हें थळ आसा."
8a0fc8d8-17e9-47aa-bf04-1d02f570fc49,ड्रायव्हिंग सिम्युलेटराचें प्रशिक्षण दिल्यार प्रशिक्षण घेतले उपरांत रस्त्याचीं चिन्नां वळखुपाक कामगिरींत सुदारणा जातली हाचे मर्यादीत पुरावे मेळ्ळ्यात.
cb471e44-9593-4128-a0a4-52cb3ac51346,"निमाण्या दिसा कानुम पोंगल आसता, तामीळ भाशेंत कानुम म्हळ्यार ‘पळोवप’."
bc1da73c-6e75-40ec-bfb4-17280273c364,"कितलेंय तरी, खंयच्या संतती मदें संबंदीत गूण आसात हें सोदतलो तर वेळ खर्च जाता."
567473c5-02ba-4bb5-9164-468b32597c28,हाका लागून इतिहासीक म्हायती खातीर तांचेर अवलंबून रावतना जतनाय घेवप गरजेचें थारता.
aa33241a-9a34-4128-9330-2ffae890b117,तुमी ज्या व्यक्तीक चेक बरयला ताका नवे बँक खातें तयार जावपाची वाट पळयनासतना पयशे रोख काडपाक वा जमा करपाक मेळटले.
353057d6-c7a9-4474-9999-a3f966f06134,"कांय दलाल-अर्थीक सल्लागार, जे ""शुल्क आदारीत"" अशी स्वताची जायरात दितात, तांगेल्या गिरायका कडल्यान शुल्क घेतात आनी विकतात त्या उत्पादनांतल्यान कमिशन मेळोवन दोनूय प्रकारांत बरो लाव (आपणांक) मेळयतात."
dce2a860-a188-4100-98ab-b676a677dc4b,वेल्लोर आनी ताच्या लागसारच्या गांवांनी शेंकड्यांनी चामडें आनी चामोद्योगाचें कारखाने आसात.
f636728e-46aa-4cfb-b5ac-146924868fde,"हें अदभूत प्रकारचें देवूळ आशिल्ल्यान, एकंदर अणभव रोमांचक आनी साहसी आसूं येता."
93691959-35ad-4a52-9517-7ca07776971c,पुजारी अथर्ववेदांतलो एक मंत्र म्हणटा.
e606d8c8-bc7e-4c9b-b77b-140aca2b5bcb,समाजीक कार्यकर्ते आनी पर्यावरणवादी खंयचेय परिस्थितीत धबधब्याचें आकर्शण परत मेळोवपाचेर आसात.
f1c73c56-9731-4772-9bae-7bcb78f3896c,"नेहरून १९३७ भारतीय प्रांतीय वेंचणुकेंत धर्मनिरपेक्ष राष्ट्र-राज्य हे कल्पनेक चालना दिली, ताका लागून काँग्रेसीक वेंचणूक पुरायपणान जिकपाक मेळ्ळी आनी जायत्या प्रांतांनी सरकारां घडोवंक मेळ्ळीं."
ccf62f7c-00b6-4b61-8629-c5dd2686454c,आवृत्त्यो वेगवेगळ्यो आसात आनी जायते आर्विल्ले इतिहासकार एकंदर प्रामाणिकपणाच्या विस्ताराचेर प्रस्नचिन्न उबें करतात.
1a787e84-9e6e-4b6e-9ae5-59f4aa4d3cce,"अशे तरेन बळगें मेळोवन, संभाजी प्रतापगड आनी घाटां भोंवतणचे कितलेशेच किल्ले घेवपाक फुडें सरलो."
92833705-908b-4006-a1b2-e06fb266af1a,"शीख धर्माचो धावो आनी निमाणो गुरू, गुरू गोबिंद सिंग हाचो जल्म 1666 वर्सा पाटणा जालो."
2fd89b06-1280-4edd-b3b2-14c7593f877b,दादा ह्या सिनेमांत एका कुख्यात गुंडाक सुदरपाची कुड्ड्या भुरग्याची भुमिका तिणें केल्ली.
70ef9a13-3f54-4274-8df5-8820cd0cb79f,"१२९६ त अलाउद्दीनान देवगिरीचेर आक्रमण केलें, आनी जलालुद्दीना आड यशस्वी बंड करपाखातीर लुटमार ताब्यांत घेतली."
fa057bbd-20a1-4ae1-8127-c85b671f6c22,तशेंच आर.एस.पि.सि.ए. न पाळीव प्राण्यांच्या मालकांक पाळीव प्राण्यांक थंड दवरपाचो यत्न करचो म्हूण सांगलां.
69a887b8-3b71-4502-aa5c-af12fd4c7fe8,कादर मियाच्या अर्थीक अस्वातंत्र्याचें मोल म्हळ्यार ताचें मरण.
1d82f1ba-e774-45e4-86b8-a961cecb0861,फायनली उपरांत राजीशा विजयान आनीक एक खेळां चित्रपट घेवन परतून येता.
8ac0ee26-4367-40d0-8ae6-789a0109c42a,मेहरान सांताक्रूझच्या सेक्रेड हार्ट बॉयज हायस्कुलांत शाळेचें शिक्षण पुराय केलें आनी उपरांत मुंबयच्या सेंट झेवियर म्हाविद्यालयांतल्यान पदवी घेतली.
93d80a32-3b1d-4fc8-875f-cc3a032ebc50,"चडशा मुखेल किरकोळ विक्रेत्यांच्या वॅबसायटीचेर वचून तूं डिजिटल भेट कार्डां घेवपाक शकता, आनी मेळटलो मनीसय तीं ऑनलायन पळोवपाक शकता."
374865a5-dc17-45ce-bfb0-f4f5792a2f03,भीम आनी राक्षस हांचे मदीं खर झूज जालें आनी दोनूय समान आशिल्ल्या झुजाऱ्यांनी एकामेकांचेर फातर आनी झाडां मोखलीं.
dbe752aa-9d57-4afd-a21e-358ff05781be,इतले मजगतीं अलाउद्दीनान पद्मावतीक मेळोवपा खातीर परत एक फावट चित्तोराचेर घुरी घाली.
03cb0cf1-173a-40ee-9402-83f8408b4832,"तुवें कोणाक आमंत्रीत केला हें तुका पळोवपाचें आसल्यार ""व्यू रेफरल हिस्ट्री"" टॅप केल्या उपरांत तुका ती वळेरी पळोवंक मेळटली."
cd507388-4485-447c-8e13-0159f706df5d,मिरिक हें भारताच्या अस्तंत बंगाल राज्यांतल्या दार्जिलिंग जिल्ह्यांतलें एक ल्हान शार आनी अधिसुचीत क्षेत्र.
441a6842-3b91-4d27-9fed-8ffba9ca057c,बडा गांव जैन देवूळ उत्तर प्रदेशांतल्या बाघपाटांतल्या बडा गांवांतलें एक जैन देवूळ आसा.
65b1f697-983f-486d-89d8-9d117746a022,"भोजताल वा अपर लेक हाचे कुशीन, भोज ओलभूंय वाठार तयार जाता."
9d1f37ac-daf6-4500-ac3a-f63b10390efc,"हें उदक मुळांतूच झरीचें उदक, दोंगुल्ल्यां वयल्यान वयर, लागसार एक प्रवाह म्हणून भितर येता."
ac55b1d6-1610-44c5-b0e6-dae3c5e285aa,इंदिराक चड करून घरांत खाजगी शिक्षक शिकयताले आनी १९३४ त मॅट्रिक मेरेन ती मदीं मदीं शाळेंत वताली.
fd69e7b9-931f-4597-92d4-8cb549b3859d,अवशेशांची प्रदर्शना खातीर मांडणी करपाक स्थळा प्रमाण सुमार चार वरां लागूं येतात.
13bf499d-1249-4635-b978-ca3758bebc8d,भारताचे दक्षीण पूर्वेक आशिल्ल्या हिंद म्हासागरांतलो एक जुंवो श्रीलंकेंत दोन दिसाच्या उटंगाराच्या पावसाक लागून हुंवार आयलो.
59715ade-4d25-4662-bb3a-6f35d8dc4942,ते वेगवेगळ्या रागांचो मेळ करून वर्ण आनी कृती शिकपाचे दिकेन व्हरतात.
4eca6fcb-9e4b-4c7f-be5e-e147ab21bcb1,उत्सवा वेळार एक माची कोसळ्ळी आनी प्रेक्षकां मदीं भिरांत निर्माण जाली.
adab73fd-087c-4588-be42-f29965b92c5e,कब्बन उद्याना वांगडाच शारी पाचवी सुवात म्हूण हांगा जायत्या रानवटी जातींच्या सुकणीं आनी हेर रानवटी जनावरांचें घर आसा.
a1b69b87-6a75-4728-bfd1-b26eb98a96d2,गांवच्या मुखेल चौकांत सुर्यास्त जातना होमखण पेटयतात.
828845b9-61c3-42a6-b349-d307db5bf409,ह्या न्हयकाराक लागून अकबरान एक औपचारीक फर्मान जारी करून शहजादा सलीम हाका प्रस्तावीत मोहिमेच्या हुकुमाचेर नेमणूक करपाक सुरवात केली.
8a565553-8284-4aeb-9b24-cfa4a95d023e,बहादुराक विरोध करपी पंगड वाटेर एकठांय करून शहा 17 जून 1710 दिसा अजमेर सोडून पंजाबाक गेलो.
3cb08c85-2d71-4bcb-9586-dc8c7f5f2426,गुप्तान आपले कंपनी खातीर पुस्तक कव्हर डिझायन तयार करपाक रे हाका सांगलें आनी ताका पुराय कलात्मक स्वातंत्र्य दिलें.
c3404b39-bfe1-4927-b039-682c0e48d5b1,भारत हें आर्विल्ल्या पोलोचें पाळणें अशें मानतात.
5147409e-51ff-46cb-bcbc-c14071c7722c,तुमी नकळो आशिल्ले अशें कितें तरी तांणी पोश्ट केल्लें आसुं येता.
c2524fac-2425-441c-aaea-a1cae6aa89ea,तमिळ शब्दकोशांत चोळ म्हळ्यार पांड्या वा पोरन्या देशाच्या फांटभूयेर तयार जाल्लें नवें राज्य दाखोवपी सोळी वा साई.
13038cd6-4979-4d9a-8797-f3fe34261cb0,भारतीय राजांच्या शेकातळा आशिल्ल्या राज्यांतल्या लोकांच्या कश्टांची जाणविकाय जावपी पयल्या कांय राश्ट्रवाादी फुडाऱ्यांमदलो नेहरू हो एक.
4c21bf97-08c6-4acd-a2ec-8164e5799242,बाजारांत तुमच्या उत्पादाची म्हायती पावोवपाक तुमी मोख दवरिल्ल्या आयकुप्यांक कशें आवाहन करतले हाचें वर्णन करात.
837fb0bb-f856-498f-bae7-9b8d01272833,"जम्मू-काश्मीर, हिमाचल प्रदेश, उत्तराखंड, सिक्किम आनी अरुणाचल प्रदेशांत हिमस्खलन जाता."
09ee37fb-e4bf-4302-b87f-e3ff4b5fcf94,"घडये तुमी खरेदी करपाक आवडटा अशे प्रकारचे न्हय, वा वर्सभर नाताळाच्यो भेटवस्तू ब्राउझ करपाक तुमकां वेळ ना."
8cd75e09-6d4a-4194-b5b9-79af5e40ae83,बच्चन हाचो जल्म 11 ऑक्टोबर 1942 दिसा अलाहाबाद हांगा जालो.
65e988e7-3e45-4274-a0d3-52e0ac42a450,तिचो जलमार्ग जिल्ह्याच्या उत्तर भागांतल्यान जाता.
f17204fd-abd0-41ae-a00f-781c234bad34,2022 वर्सा प्रदर्शीत जावपाचें आशिल्ल्या त्रिशा स्टारर फिल्म ‘रांगी’ ह्या सिनेमान अनसवारान तमिळ चित्रपट उद्देगांत प्रवेश केलो.
c96de147-84c7-40e1-8ef4-302d4a50f183,जायते वैयक्तीक खरेदीदार दर वराक शुल्क घेवन काम करतात कारण तांकां जायत्या दुकानांनी वचपाची गरज आसता जाका लागून कांय वेळ लागूं येता.
d0a7929b-6d9c-450d-9e39-e4cf9bed5a19,भोंसले हो 2020 वर्साचो भारतीय हिंदी भाशेचो चित्रपट देवशीष माखीजान बरोवन दिग्दर्शीत केला आनी पियूष सिंगान ताची सह-निर्मिती केल्या.
91a865eb-e463-4d87-82b8-242bd61a1b00,त्याच वर्सा इस्टर आयलँडार 51 केशी जाल्यो.
9f757f18-81c0-41a5-ba19-00f427422fea,"1988 सावन ऑलिंपिक खेळ आनी 2002 सावन राष्ट्रकुल खेळां सयत, एकोडे आनी दोट्टी अशे दोनूय खेळ आंतरराश्ट्रीय सर्तिंनी खेळटात."
62781fa7-90d7-45a7-959a-b649dfc14b92,नाटकविशिश्ट वेशभूशेचेय उपेग सत्तरीया नृत्यांत दिसतात.
db2e77af-0cf5-41c1-876c-bf2666d121a0,डिजायन तपशील म्हळ्यार स्पर्धात्मक घटकां मदली तडजोड.
07ef9dd7-1898-4686-a5b6-1c0ec5954af7,"एसईसीएल, अदानी, जिंदल ह्यो मुखेल कोळशाच्यो कंपन्यो, ईशान्य छत्तीसगडभर जायत्यो कोळसो खणी चलयतात."
0a3be623-695f-4f8b-8e4e-218400ea8f2e,"रोखडेच हैदर अलीन ताच्या गॅरिसनांतल्या ३,००० मनशांवागडा, मकदुम अलीच्या सुमार ६,००० सैन्या आड बेंगळूरच्या सेरिंगापटाम वटेन आगेकुच केली."
ace2dfcd-a76d-42c7-8137-92645b75c7c6,"अवनी आदीक घरांतलीं सगळीं कामां करूंक लायता, जाका लागून ताका खूब त्रास जातात."
90fedac4-05da-4f23-9667-972f6e5a97fd,"शिंपणावळ प्रकल्पांखातीर वापरिल्ले धरण वीज आनी येरादारी सुविधा निर्माण करपाक मदत करतात, तशेंच वाडट्या लोकसंख्येक पिवपाच्या उदकाची पुरवण करपाक, हुंवार नियंत्रीत करपाक आनी दुकळ आडावपाक मदत करतात."
794ec35a-62fd-4523-b94c-5b390ad63aff,"हालींच स्थापन केल्ल्या काजीरंगा नॅशनल ऑर्किड आनी बायोडायव्हर्सिटी पार्कांत, भारतांत मेळपी अदमास 1,314 ऑर्किड जातीं मदल्यो 500 परस चड ऑर्किड जाती आसात."
79fee998-d01b-4405-a458-445186fb2714,कलाकार जेन्ना केन्ना सर्जनशीलताय दाखयता तेन्ना श्रोते ताळयो मारून पावती दितात.
484bc552-b05d-42b0-b782-244c98a20855,कॅरिबियन स्पिनरांचेर भारतीयांनी वळोवपी ट्रॅकाचेर प्रभुत्व मेळयिल्ल्यान अस्तंत भारतीय कर्णधार क्लायव्ह लॉयडानान फुडल्या कसोटी सर्तींत फकत गतीचेर आदारून रावपाची प्रतिज्ञा केली अशें सांगतात.
7f2f3ac0-db8c-42cf-9eab-9b5867c8bb74,म्हैसूरचो तरणाटो राजा कृष्णराज वोडेयार दुसरो हाणें हैदर अलीच्या ह्या कामगिरीचें इनाम दिवन ताका फाथ हैदरबहादुर वा नवाब हैदर अलीखान ही पदवी दिली.
26f3d035-9037-40cc-b414-b1107b1607b8,"अशोक, कलिंगाच्या झुजा उपरांत रगतपाताक लागून अस्वस्थ जालो आनी ताणें परत केन्नाच झगडचें ना अशें प्रतिज्ञा घेतली."
fe6785f9-aa1d-43c3-bc1e-1daa483292cd,ताका वैजकी पर्यटनाचो एक प्रकार म्हूण मानूं येता.
073a1db1-8af0-47ca-a6fc-665a99a39e97,पृथ्वीराज हाणें चंदेल राज्याचेर घुरी घालून उदलाचो मामेभाव मलखान हाचेकडेन आशिल्ल्या सिरसागराचेर घेराव घालो.
69abbb8e-3505-478e-acef-4b3dc3ff181d,"अशोकाची आवय चंपातल्या ब्राह्मणाची धूव आशिल्ली, आनी तिचे लग्न राजाकडेन जातले म्हण पारखिल्लें अशें अशोकवादनांत म्हळां."
0cb860f6-86f4-4c89-aca4-812643480f77,"ऑक्टोबर १९१६ त ताणें ग्रेज इन हांगा बार अभ्यासक्रमांत आपलें नांव नोंद केलें, आनी त्याच वेळार लंडन स्कूल ऑफ इकोनॉमिक्सांत लेगीत नांव नोंद केलें आनी थंय ताणें डॉक्टरेट प्रबंधाचेर काम करपाक सुरवात केली."
ced64abb-7f92-4a53-b7fd-25bb0ef03090,"अमेरिकी लोक आपले येणावळीपरस चड खर्च करतात, ताका लागून महामंदी उपरांत पळोवंक नाशिल्लो इतलो राष्ट्रीय बचत दर उणो जायत चल्ला."
721ec609-e2fb-422a-8a83-a701a7dcccb6,"अय्यानार धबधबो भारताच्या तमिळनाडू राज्यांतल्या विरुधुनगर जिल्ल्यांत राजापालयम, शार आनी नगरपालिका हांचे ७ किमी अस्तंतेक आसा."
5deca031-c428-4bbd-a210-08c26555805c,1999 वर्सा स्प्रेगान परत चॅम्पियनशिप जिखली पूण 2000 वर्सा तो पांचव्या क्रमांकाचेर शेंवटलो.
f36dc687-8212-4826-b980-adebc60a6549,"सामान्यपणान किला गेट ह्या नांवान वळखतात तो हाथरस किल्लो हो एक लोकप्रिय पर्यटन थळ, पूण तो उत्तर प्रदेशांत पर्यटन थळ म्हणून नोंदिल्लो ना."
8355d805-c9b2-4873-a7b7-eb19baef25d5,ताणें कितलेशेच दशक एनिमेशनांत काम केलें आनी ताच्या वावराक लागून जायते पुरस्कार फावो जाले.
6ae59f99-e2b7-4705-8291-80406c626025,"तुमच्या लागींच्या वाठारांत अशी अणभव भेट मेळना जाल्यार, चड पर्यायां खातीर ऑनलायन तपासात."
78b9584d-5b23-4ac7-810c-128b466b371b,तांकां अजुनय कित्याक तें समजूंक ना पूण उतरांचो अर्थ समज नासतना फकत आमी म्हणटात ताचें तें अनुकरण करतात.
824fc0b4-da34-409f-9178-149f751f86d5,वकिली करपाचो परवानो आशिल्लो तुमच्या राज्यांतलो अणभवी वकील तुमचे हे प्रस्न सोडोवपाक मजत करपाक शकता.
a204ad5b-ef5e-4f65-94e5-02257ce1253e,खऱ्या विरोधकां वांगडा निदर्शनांत लागू केल्यार अर्जांक बुंकाई अशें म्हणटात.
8d458e1b-5b2a-4fc7-827e-dcc2fb1a0a84,60 अमेरिकी डॉलरांत अतिरिक्त वांगडी जोडपाक आनी तें परतून विक्री करपा वांगडाच तुका 2 टक्के वर्सुकी सवलतूय मेळटा.
a7e8ee9f-1bc8-4b7e-b045-2e641ee34c27,"पॅरालिंपीक गोळीबार, जाका ""धनुर्विद्या पॅरा स्पोर्ट"" अशेंय म्हणटात, हें अपंगत्व आशिल्ल्या सर्तकांक गोळीबार खेळांचें रुपांतर आसा."
80f72ec3-d7b0-4d93-9fed-ec8691f2d705,काश्मीर आनी बल्तिस्तानाक आदींच आपल्या शेकातळा हाडपी मुगलांनी लडाखाचो पराभव केलो तरी लडाखान आपलें स्वातंत्र्य तिगोवन दवरलें.
d6afa3b3-a641-4f3c-9898-c5188ee0dd9f,फकत तुमची वळख आशिल्ल्या वैध किरकोळ विक्रेत्या कडल्यान आनी दुकानांतल्यान खरेदी करात.
6c035b25-b3e4-4192-a6db-63971eab855d,"त्याच वर्सा पयलीं प्रदर्शीत जाल्ल्या येन्नवळे ह्या सिनेमांतल्यान तिणें तमिळ चित्रपटांत पदार्पण केलें, थंय तिणें आर. माधवनाची जोडिदार म्हूण अभिनय केलो."
a2844fbb-51bd-499f-8c0c-39c444c1a9de,"सुर्वेक, अलाउद्दीनान सदळ हातान अनुदान करुन आनी वर्सावळीन सेगीत दिवपाची पद्दत आपणावन, जायत्या लोकांची सरकारी पदांचेर नेमणूक करून सत्ता घटमूट केली."
64a84f21-3cc0-4d72-bafc-d504f72b6958,तुमी पयलीं रद्द केल्यार आनी तुमचो घरगुती अर्ज न्हयकारलो जाल्यार खंयच्याच राज्यांत वेवसाय नासतना तुमी आसतले.
db5c902c-c8f2-4064-8644-e5750abb66b0,मॅचींत खेळाच्या दर एका टप्प्या खातीर डाव ही संज्ञा वापरतात.
8ebdcf24-1670-4ad2-97d7-72043163338a,चड करून पकाच्या जाग्यार बॉल वापरतात आनी चड करून संरक्षणात्मक उपकरणां घालनात.
a7f89beb-58b2-4ccf-80e6-9bf14d9e830c,पर्यावरणीय प्रदेशाचो सुमार 30% भाग तुळेन अखंड वनस्पतींनी भरिल्लो आसा.
1f973f3e-8b04-417c-833b-b5f64407cb22,"ट्विटराचेर, तुमच्या प्रतिस्पर्ध्यांनी पोस्ट केल्ल्या ट्विटांचेर खेळीमेळीची टिप्पणी करप हो तुमच्या कंपनीचें प्रोफायल तयार करपाचो एक सामान्य मार्ग."
de4da5e1-0762-4930-bd3b-7777a74beee8,2010 वर्साच्या राष्ट्रकूल खेळांचो उक्तावण आनी समारोप सुवाळो जाल्ल्या दिल्लीच्या जवाहरलाल नेहरू स्टेडियमाच्या नवनिर्मणे फाटल्यान बिरसा मुंडा एथलेटिक्स स्टेडियम ही प्रेरणा आशिल्ली.
348256bb-4024-4ea6-a2f3-d3fa564dff52,"देखीक, तुमी दर सप्तकांत 100 डॉलर चेक रोख करतात अशें गृहीत धरात, आनी चेक नगदी सेवा चेकाचे 5% घेता."
794530f7-895c-4308-922a-7534ee8c57f8,1851 ते 1865 ह्या काळांत नागा जमातींनी आसामांतल्या ब्रिटीशांचेर आक्रमण चालूच दवरलें.
26664672-b44a-4c1e-ab2b-adfd29b66c71,वास्तव जिणेंत मरण आडावपी मनशाक पड्ड्याचेर मारप अयोग्य आसतलें अशें देसायक दिसलें.
09a91b02-090e-41f5-bd19-3450dd7960d8,"वार्शणेन विकसीत केल्ल्या दुष्काळ प्रतिरोधक चण्यांच्या प्रकाराची चांचणीच केली ना तर ती भारतांत वापरली, पूण ते इथिओपियांत लेगीत धाडले तशेंच हेर देशां मदीं तांची चांचणी चल्ल्या."
c1f1bd22-6f1c-4e46-bc4d-d17735e6837b,"रिमी सेन, 21 सप्टेंबर 1981 दिसा सुभामित्र सेन म्हूण जल्मल्ली, ही भारतीय अभिनेत्री आनी निर्माती, हिंदी, तेलुगू, बंगाली ह्या चित्रपटांनी दिसता."
ec9f33cf-adb2-462a-870f-a2b26bfa5ad3,ह्या भेटे वेळार तांणी जायत्या गांवांनी पिवपाच्या उदकाचो उणाव हाताळपा खातीरय वावर केलो.
b56bff49-cb7f-46c1-ad94-e83729e06e02,"थळाव्या वा शारी सरकाराच्या पांवड्यार, थळाव्या वेवसायां विशीं म्हायती एकठांय करपी वेगवेगळ्यो एजन्सी आसात."
8f30674d-c7da-4d75-bd9a-f767f60147a4,ए.टी.पी. चेन्नई ओपन सर्त दर जानेवारीक चेन्नईंत जाता.
8c0483b1-9551-43cd-bbf2-33d8f8384c5a,"1801 त जमान शाह हाका सत्ते वेल्यान काडून उडयल्ल्यान अफगाणिस्तानांतल्या नागरी संघर्शाचो शेवट जालो ना, तर ताचे परस चड हिंसाचाराची सुरवात जाली."
a53b58e8-ef89-44d2-8a11-b8ef8388c56b,हियुएन-त्सिआंग हाच्या बरपांतल्यान हें सिध्द जाता.
ecba4e90-2f8e-443b-a4b8-45a9855ad754,चवथो खेळ हारल्या उपरांत आनंदान मॅचीच्या निमाण्या खेळांत प्रवेश केलो पूण मॅच प्लेऑफांत वचपा खातीर ताका जैताची गरज आशिल्ली.
2fcdde49-ed3f-4ab8-85df-73db24d3ba4f,"केरळांतलें सगळ्यांत म्हत्वाचें क्रिस्तांव यात्रेकार केंद्रां मदले एक, हें पवित्र देवस्थान फकत केरळांतल्यान न्हय तर शेजारच्या राज्यांतल्यान लेगीत खूब व्हड प्रमाणांत भक्तांक आकर्शीत करता."
5f37561e-ce79-439b-859a-85ae2af27bbd,नवीं गिरायकां मेळोवपाचो खर्च हो नवीं गिरायकां मेळोवपाखातीर मार्केटिंग आनी विक्रेचेर तूं कितलो खर्च करता ताचेर थारता.
02543619-2de0-4008-af0a-9d908ace46ee,"जायत्या आर.व्हीं. क रातच्या वेळार इंटरनॅटाक जोडपाक जाय, देखून तुमी पुराय पार्कांत वापरूं येता अशा वायरलेस नेटवर्काची वेवस्था करात."
5195cb0f-0553-419f-8dd3-266906ca572a,देखून ही संकेतपद्दत नॉर्स पुराणकथा आनी वैदिक इतिहास ह्या दोनूय गजालींनी सर्रास आसा.
d3cafef7-a063-4784-9411-14438af64c4b,"म्हणून, जशे नियामकांची संख्या वाडटा, नियमीत तर्काची शक्य संख्या फुटता."
df18914b-b172-448a-b1e5-e6131846e26c,"आतां मेरेन सुमार 2200 वनस्पतींच्यो जाती नोंद जाल्यात, तातुंतल्यो 200 जाती थळाव्यो आसून 1300 मुखेल भारतांत मेळनात."
e38ccd16-a33d-4dfc-9db0-7d4b0ae7a7fb,"कॅसिलान तीन सर्तींत यत्न केले, दोन टॉप टेन सुरवात करून लेगीत टॅलाडेगांत पात्रताय मेळोवंक ताका अपेस आयलें पूण केंटकींत 38वे आनी पोकोनोंत 32वे सुवातेर पावलो."
bf096526-e21f-4306-bd83-fbad928d5add,बागायती आनी वनरक्षण म्हाविद्यालय संलग्न आसा इम्फाळाच्या केंद्रीय शेतकी विद्यापीठाकडेन.
996991bd-8289-4a13-9aaa-9f9976ad481d,तूं परत येवन तुका ती विकत घेवपाची इच्छा नासल्यार तुका ते खरेदी करपाची इत्साच नाशिल्लीं.
f13a838e-1ad5-4ed4-beec-ab5a10703148,रतन सेना पद्मावतीचो कितलो मोग करता हाची परिक्षा घेवपाचें लच्छमीन थारायलें.
10ba0322-5830-4d58-859d-070f9717c3ac,आयज लेगीत सिरुवणी धरणाची भेट चडशी वेगळी ना.
8cf54377-55d3-455d-a4ee-0749102ce5b0,1967 वर्सा भैरो सिंग शेखावताच्या फुडारपणाखाला जन संघान स्वतंत्र पार्टीलागीं युती केली.
03189b58-6172-40bb-bb03-864a21a333cc,ह्या निर्णयाक लागून भौसा मदीं तशेंच हिंदू दरबारांतल्या अधिकाऱ्यां मदीं निशेध आनी खेद सुरू जाले.
37023745-a3bf-439e-a637-fc70c26c2b8c,आयज मेरेन ती निमाणे फावटी 2010 वर्सा तिच्या घोव महेशा वांगडा ह्या शोंत दिसली.
9bd65bfc-ac36-4f0e-8fc8-36f954656d7b,1858 वर्सा दक्षिण कॅरोलिनाच्या चार्ल्सटनांत सेंट मॅथ्यूज जर्मन इव्हानजेलिकल ल्यूथरन इगर्जेंत यॅलो फीवराक लागून 308 जाण संवसाराक अंतरलें आनी ताका लागून इगर्जेंत प्रार्थना करपी लोकांची संख्या अर्दी उणी जाली.
9b5036eb-dc45-455f-99db-ec019eb853c8,2008-09 वर्सा सुदारीत पिवपा उदका पुरवण मेळपी घरांचें प्रमाण 91 % आशिल्लें.
7fb58e67-af3a-44f3-8cff-25b6e3cc2cb8,तुवें भाड्याक घेतल्यार भाड्याच्या विम्यांत गुंतवणूक करप तितलेंच म्हत्वाचें आसता.
79080874-32d2-4e99-bd80-85882af05840,"चार जाणांक बुडून, इमारत कोसळिल्ल्यान तीन जाणांक, झाडां कोसळिल्ल्यान दोन जाणांक आनी वीज पडून एकल्याक मरण आयलें."
bc939b03-ba83-4609-9fdb-37f12de696cd,धूपगढ तेमूक: मध्य भारतांतलें आनी मध्यप्रदेशांतलें सतपुरा पर्वतमाळेचें सगळ्यांत ऊंच तेमूक म्हळ्यार धूपगढ पर्वत.
6c844f82-7a4a-4b4c-9d93-b2f061519de6,लाहोरांत जाल्ले पयले कसोटींत बरोबरी करून भारतान बरी सुरवात केली आनी गावस्करान 83 धांवड्यो केल्यो.
bc69cd92-3e58-4ccd-8508-938b1eca8dc8,विजेचेर चलपी गाडयांचे कारखाने देशांत सगळे कडेन स्थापन जावंक लागले आसले तरीय भारत बॅटरींच्या पुरवठ्या खातीर आयातीचेर अवलंबून आसा.
1b155557-bde6-47bf-af85-534b71d58cf4,"बौधायनांत कलिंगाचेर वेदीक परंपरेचो अजून प्रभाव पडूंक नाशिल्ल्याचो उल्लेख केला, ताचो अर्थ तो चडसो आदिवासी परंपरा पाळटालो."
1f92c846-c0da-4f03-9e7f-2d38713746f1,झांसी किल्लो वा झांसी का किला हो उत्तर भारतांतल्या उत्तर प्रदेश राज्यांत बंगरा नांवाच्या दोंगरा माथ्यार आशिल्लो एक किल्लो.
95b30ead-f431-4e49-bb5e-59c4be32394e,सरगुरच्यान उत्तरेक सुमार 12 किलोमीटर पयस एच.डी. कोटे वसलां.
edf3dc66-3197-455c-aacf-e97687790cfe,मायक्रोसॉफ्ट आनी कायंड आपल्या सॉफ्टवॅरां खातीर राज्य सरकारां कडेन करार करपा खातीर अर्ज करतले.
a7d22739-40fe-49b0-b613-28fe540d0df8,"आदीं, भुरग्यांचे सुरक्षेविशीं खूब जागृत आसात हें दाखोवपाखातीर वाहन चालकांनी दीसभर गाडयेच्यो लायटी पेटोवन दवरच्यो असो आवंडो आसतालो."
7286912d-2de8-4f2d-bd6a-bd73b3390047,"1900 ते 1920 मेरेन हो खेळ ऑलिंपिक खेळांचो भाग आशिल्लो, पूण ते उपरांत ताचो आस्पाव जावंक ना."
27d39ee1-6fbe-4f51-b131-68e5b43c23ab,2008 वर्सा तो दिल्लीच्यान मुंबय गेलो.
bb4bdacb-e796-42bc-9b56-a4e2e7fbbc8a,1946 वर्सा चॅम्पियनशिपांतल्यान निवृत्त जायमेरेन डॅव्हिसान सगळ्यो पंदरा सर्ती जिखल्यो.
86a3fb23-938e-434e-a3c1-86e7a457a3d5,"पार्क रान बंगलो ब्रिटीश राज कालखंडांतलो आनी तातूंत सुरवाती सावन बरी देखरेख केल्लो लॉग बुक आसा, जाका लागून वाचन उमेद वाडयता."
a4a04144-aa85-4a77-bd73-826ba5e7548e,पोर्टान जामीनाचेर आसतना कोवरी आनी व्हिटवर्थाचो खून केलो.
38ab9b70-dbc3-4b4b-8713-469eae921f1a,"ताणें जायत्यो इमारती उबारल्यो, तातूंत मशिदी, खानकाह (मठ), दरगाह (प्रभावशाली लोकांचीं तीर्थां वा थडग्यो) आनी तीर्थयात्रिकां खातीर जलाशय (हवज) उबारले."
05f9c791-f31f-4b4c-852d-1db7a33f1db1,विभागीय खेळांत ताणें 2 अर्द शेंकडे केले.
7be95851-3ab5-4c81-af58-a7af1ee5e992,चड करून एका विशिश्ट प्रदेशा भितर प्रबल मानपी फुटबॉल संहितेचो संदर्भ दिवपा खातीर ‘फुटबॉल’ हो शब्द वापरतात.
d037a07b-b528-4acd-bb57-0b4b0c14da9f,फ्रीस्टायल कुस्तीगीर विरोधकाची दोनूय स्कापुला शेंदरेक धरून क्षणांतच मॅच जिखूंक शकता.
218d2c42-1943-4a35-8cd5-0d4af5722f93,"तुमी खरेदी करतात त्यो सगळ्यो नातालाच्यो वस्तू दवरपाक वाचवंक मेळपी मेकळी सुवात फ्रीझर, पॅन्ट्री आनी रेफ्रिजरेटरांत आसा जाल्यार वेळा पयली तपासात."
d3c1f811-75cd-461b-9dcb-578889ca1995,ताचे क्रियेंत टॅप वा ताळयो मारप आसता जाचे उपरांत वीचूचो आस्पाव जाता.
9b6c451f-daa8-490b-95d9-993de357aede,वेगवेगळ्या संस्कृतायांनी धनुर्धराचे उजवे वा उजवे वटेनच्यान बाण सोडटात आनी हाचो परिणाम धनुष्याच्या हाताच्या धरपाचेर आनी स्थितीचेर जाता.
dddfd9df-0c16-422d-a49f-395d72ec3cfd,"कितलिशींच वरां उटंगाराचो पावस पडलो, ताका लागून उदक भरलें आनी येरादारेची कोयंडी जाली, पूण हालिंच्या खर आनी उश्ण हवामानांतल्यानय सुटका मेळ्ळी."
a07d5130-5334-4f44-ba4d-e1095099d913,19 व्या शेंकड्यांत ब्रिटीश वसाहतकाळा वेळार थळाव्या लोकांक किरिस्तांव धर्मांत धर्मांतरण करपाक सुरवात जाली.
c8eb9e54-73bb-45c2-92e1-11fce6b45028,"केंब्रिजांत, केनीशियन अर्थशास्त्राच्या समर्थकांमदीं, आनी केन्साचेर संशयवादी आशिल्ल्या नवशास्त्रीय अर्थशास्त्रज्ञांमदीं व्हड वाद जाले."
d3286a37-dfb4-47d9-82c2-a83e6ed1ce3f,पूण सर्वीस चालू आसल्यार ती कायदेशीर सर्वीस मानतात.
17f69ccb-8e17-4308-a902-c0d34ecb9dcb,"एका दोंगराच्या माथ्यार आशिल्लो आनी रामगिरी खिलो अशेंय म्हणटात तो रामागिरी किल्लो, भारताच्या तेलंगण राज्यांतल्या पेड्डापल्ली जिल्ल्यांत आसा."
e964c4bf-6a89-4dd4-b12f-fe20b210c6fc,एक गरजेची वस्तू मतींत धरून खरेदी करपाक वतात तरी हेर वस्तू खरेदी केले बगर तुमची भोंवडी यशस्वी थारची ना.
48ca0e4d-a7ae-455b-a164-a26582873c50,स्वतंत्र बांगलादेशांत हिंदूंचेर जावपी राज्य पुरस्कृत भेदभाव चडसो बंद जालो.
9dd5bf25-640d-48c4-a84b-12d9acb633d8,तांणी कांगला हें आपलें सत्तेचें आसन म्हूण स्थापन केलें.
9ba7e584-f118-4103-90ef-e53d5f74f046,"भात, हें मुखेल जेवणाचें पीक, चड करून अंदमान जुंव्यांच्या गटांत जाता, जाल्यार नाल्ल आनी बेडे निकोबार जुंव्यांच्या गटांतलें नगदी पिक आसा."
345d15c7-7614-407f-89af-fae9bd25a37a,जानेवारी 1528 त काय 20 मे 1528 ह्या दिसा ताका कल्पी मरण आयलें आनी पूत रतनसिंह-दुसरो ताचो वारस जालो.
724232d1-25de-4654-bc64-01d7ad371e3e,"तिणें कॉन्सर्ट टूर आनी स्टेज शोंत वांटो घेतला, आनी 2009 वर्साच्या रियेलिटी शो डान्स प्रिमियर लीगा खातीर प्रतिभा परिक्षक म्हणून तिणें वांटो घेतला."
181c86fa-92d8-46bf-8de9-b4bcd7feb533,"शारांनी मेळटात तीं ‘द टायम्स ऑफ इंडिया’, ‘द इकॉनॉमिक टायम्स’, ‘द हिंदुस्तान टायम्स’, ‘द हिंदू’ हीं इंग्लीश दिसाळीं."
816abcdc-ddff-414b-ac60-0127a5790b14,"जिल्लो राजधानींनी इंटरनॅट कॅफेंची बरी मांडणी जाल्या, पूण ब्रॉडबँड जोडणी सगळे कडेन मेळना."
5b0cf2a6-03d3-4fdc-8097-d4e7bfc75324,राजधानींत पावचे पयलीं तांची खंडे रावाच्या सैन्याकडेन झगडीं जालीं.
275e39a6-db7e-4095-889a-ece6b817926f,सगळें रोख पयशांनी विकतें घेतल्यार वेव्हार चड खरो दिसतलो.
00202c9b-ce3f-4da4-aaa9-89cd53ec9eaf,एकुणिसाव्या शेंकड्याच्या पयल्या अर्दांत ऑस्ट्रेलियांतल्या वेगवेगळ्या वाठारांनी ‘फुट-बॉल’ खेळ खेळटाले हाचे अभिलेखीय पुरावे मेळ्ळ्यात.
28ef9609-c9f5-4179-b671-ae0490bd1465,आयसीकोनिक दुरुस्तीची गरज आशिल्ल्यानी संपर्क भिंगां घालचीं अशी सर्वसादारण शिफारस तांकां करतात.
f41455bb-5f8b-40c6-aa6e-3ec08f8eb7bc,"देशांतली एक बरी न्हेसपी सेलिब्रिटी म्हणून तिका प्रसार माध्यमांनी श्रेय दितात, आनी ती उक्तेपणान उलोवपी म्हणून वळखतात."
27d90409-1a20-46de-8430-173dddca2d58,कसोटींत ताणें केल्ल्या कामगिरीक लागून डग वॉल्टर्स उपरांत त्याच मॅचींत शतक आनी दोट्टी शतक करपी तो दुसरो खेळगडो जालो आनी हो पराक्रम साध्य करपी आयज मेरेन तो एकमेव भारतीय उरला.
a637d112-b792-4d0f-8e75-1b4506c89bc2,आदि शंकर आपल्या गुरू गोविंद भागवतपादाक नर्मदा न्हंयचे देगेर भेटलो.
70b93e2b-1400-4b52-90da-458167d5094f,"""दीस सोंपपाक पावलो. हांव म्हजे केंस कापपाचें उतर कशें पाळपाक शकतलो? देवा, तूं म्हाका मदत कर!"""
30d47d1c-96d9-48ce-a499-132b87d3c506,अकबरान सुरू केल्लीं उदारमतवादी धोरणां पयस करपा खातीर ताच्या काळाक वळखतात.
d88aea91-c4f7-42f9-9ce7-26ce616852cd,तांकां मुक्त भोंवपाक मेळटा आनी गोड तांदूळ आनी ऊंस खावपाक दितात.
b478fa51-3c43-41fc-9440-b498dd963f70,उश्णतायेपसून राखण करपाक आनी मर्यादा सांबाळपाक तकली धांपपाक कपड्याचो कुडको वापरतात.
3d0d8512-e30a-41ba-90c1-21255b2d34cd,"आयुष ताका मारचो ना अशें थारायता आनी थंयसून वता, उपरांत फारपेटाचे आवाज येतात."
d1231b89-205d-48f3-ae6a-0db0ca6f0acb,गिमाच्या दिसांनी वा पावस नासतना हो धबधबो सुकता.
f4f1f084-4fd2-4728-a199-2130a29db967,"पुलकेशिन हें व्हड राज्य केंद्रीयपणान चलोवंक शकलें ना, आनी देखून, चालुक्य घराण्यांतल्या राज्यपाल आनी निश्ठावान नोकतांच्या माध्यमांतल्यान राज्य करतालो, तातूंत ताणें हारयल्ल्या शासकांचे आस्पाव आशिल्लो."
b8ef86a1-7cd9-4408-a769-904bb29c6dd8,"हम हिंदुस्थानी (१९८६), खरी खरी (१९८४), आसमान से ऊंचा (१९९७) आनी आओ झूमे गाये (२००१) ह्या सारक्या हिंदी माळेचीं शीर्षक गीतां ताणें गायलीं, तीं सगळीं बरमा मलिक हाणें रचिल्लीं."
a6f9f8d7-fc5d-42ed-aaa6-87c23fa20ddd,"जर तूंं स्वता वचून खरेदी करता, तर खरेदी वांगडा डिलिव्हरी आस्पावीत आसा जाल्यार दुकानांत विचार."
91cd1a1d-9e64-4cca-ac79-db9ca34b5bbc,ध्रुपद संगीत विशय आनी आशयांत मुखेलपणांत भक्ती स्वरुपाचें आसता.
fbe7d921-fd74-40b0-99a0-cef6f5a01c71,घराची दुरुस्ती करपा खातीर तिणें रानांत वचून थोडी माती हाडपाचें थारायलें.
6a0305b6-48ce-46ae-83b5-2beed217864c,तुजी नोकरी गेली वा तात्पुरतो तूं निराधार जालो जाल्यार खर्च भरून काडपाक हाची मजत जातली.
58d2a1cd-6fdb-45e7-abf8-7ae08ce47cad,मोगल सेनापती खान जहान बहादुर हाच्या सैन्याक चुकोवन संभाजी उपरांत बगलाणांत फाटीं सरलो.
e9605ad0-6bc7-4b51-9839-1250f112f41e,1988 त आशियाई सेपाक टकरॉ संघटनेच्या वांगड्यांनी आंतरराश्ट्रीय सेपाक टकरॉ महासंघाची थापणूक केली.
f6aabca7-71ca-40f8-b4aa-ef97243a6363,पेशींक झिका विषाणूची लागण पेशींक जातकीर 6 वरांनी पेशींतले व्हॅक्युओल्स आनी मायटोकॉंड्रिया सुजपाक लागतात अशें दीर्घकाळ केल्लो अभ्यास सांगता.
229b67f4-4b1f-4e70-a845-fe0dc53a832a,समसंख्या आशिल्ल्या चार वा चड खेळगड्यांक घेवन हो खेळ खेळटात.
0dc7a738-5fc3-4bdf-8afb-00c7fe3b2584,"ग्वाटेमालांत, १ ऑक्टोबराक भुरग्यांचो दीस मनयतात."
1a4135db-e598-4025-a262-afa832164163,भारता खातीर 2020 त टोकियो ऑलिंपिकांत ताणें रुप्या पदक मेळयल्लें.
4cad6cbd-97e4-4e86-89e9-34bebfb9a1f9,"देखीक, 20 डिसेंबर मेरेन खरेदी पूर्ण जातली."
937feaca-cb56-4c42-9520-331b3937c089,"रिणा दिवपी तुकां पयशे दिता आनी तुमी ते फारीक करपाचे तारखे मेरेन वा व्याजा वांगडा फारीक करपाची अपेक्षा दवरता, जी एक जोड टक्केवारी आसता, हेंच रीण अशें स्पश्ट कर."
488a1cec-4f45-4fc6-9b4c-6bcdb5abf07e,प्रतिस्थापन रेशेचेर ही बदली जावं येता.
b2a89be7-7484-4c28-85ae-66c0855fcaf9,सीलम वा शीलम राजा रामालिंग रेड्डी आनी राणी जानकी बाई हीं सिरनापल्ली गांवांत जमीनदार आशिल्लीं.
3478a43e-1bea-4d63-bb88-04bf41f40ae2,"शेतकारांचो उत्सव म्हणून तो सुरू जालो, ताका तमीळ भाशेंत उझावर तिरुनाल अशें म्हणटात."
7649d4f3-9f9b-4925-8092-29facb49f94f,"बालेश्वर जिल्ह्यांतलें चंदीपूर हें एक शांत आनी नितळ थळ, जें चड करून पर्यटकांनी सोदून काडूंक ना."
7fe2edd9-cd03-4665-86df-744cd9dc5bea,"दर म्हयन्याक मेळपी जोडींतलें,10 ते 15% बचतींत कुशीक दवरप हें एक बरें ध्येय आसा."
8eb3d8fc-03a4-4696-859a-364d130b16b8,जायत्या उपयुक्तताय सायकलींनी हब गियर आसतात तरी एक मध्यम दर्ज्याचो डिरेलर एक नवशिकप्याक पुरो.
22ab80b5-35c4-4cf8-8fd4-e33cf580324a,पुलकेशी II च्या मरणा उपरांत वेंगी व्हायसरॉयल्टीची उदरगत स्वतंत्र राज्यांत जाली आनी तातूंत नेल्लोर आनी विशाखापट्टणम हांचे मदलो वाठार आस्पावता.
00c13763-199b-4505-ba9e-8ad821dcd720,"तुमकां जाय आशिल्लीं वा फुडाराक गरज आसूं येता अश्यो हेर गजाली दिसल्यार, फुडल्या खरेदी भोंवडे खातीर दुसरी वळेरी सुरू करात."
3f05864a-cb03-4f83-a400-7738de75585d,"तथापि, इ.स.११९२ त घोरी तुर्की धनुर्धरांचें सैन्य घेवन परतलो आनी त्याच झुंजामळार राजपूत सैन्याक हारयले आनी थोड्याच काळा उपरांत पृथ्वीराजाचो शिरच्छेद केलो."
17b08b90-48b9-4f45-8da2-222f9dc36901,"नव्या वर्गा खातीर संबंदीत लेख वा सद्याच्या वर्गांत मेळनाशिल्ल्यो नोंदी सोदपाचो एक सोपो मार्ग, सगळ्यांत संबंदीत वळेरी सोदून काडप आनी ताच्यो नोंदी तपासप."
a29e4b69-ddcc-42f4-afa7-e94a67f6b984,"बालाजी बाजीराव हो व्यूहरचनेंत निपूण, शिटूक राजदूत आनी कुशळ राजनितिज्ञ आशिल्लो."
451fbcdd-f456-4a70-af23-9e246776cc29,"चंदेल राजा परमर्दी हाणें आपलो सेनापती उदल हाका पृथ्वीराजाच्या शिबिराचेर घुरी घालपाक सांगलें, पूण उदालान हे कृतीआड सल्लो दिलो."
5d216d83-8d06-4009-a468-97bcad2d2c30,"ती सुपरहिट जाल्ल्या गुलुमल कॉमेडी फ्लिकांत मुखेल अभिनेत्री आशिल्ली, जो उपरांत सुपरहिट जालो."
f617e306-44b0-40ab-966a-2ecf667123f2,तेंडुलकाराक 2010 वर्साच्या आयसीसी पुरस्कारांत त्या वर्साचो क्रिकेट खेळगडो म्हणून सर गारफील्ड सोबर्स ट्रॉफी फाव जाली.
f4e5c511-cd21-421c-aad2-82422b57c0cd,भारतीय व्दीपकल्पाचे दक्षिणेक पुदुच्चेरी हो संघ प्रदेश आसा.
999a1653-4d1f-4d27-9cd2-3e04dfd73278,"उदयपूरचो आनी मेवाडचो महाराणा फतेह सिंगाच्या नांवान हें एक कृत्रीम तळें, उदयपूरचे वायव्येक, पिचोला तळ्याचे उत्तरेक १६८० त बांदिल्लें."
ef0ed771-64dd-44aa-bb60-eeeb6b62749f,"स्वामी आनी इश्ट असो चड योग्य शीर्षक बदलपाक, आनी नारायणाच्या फुडल्या कांय पुस्तकां खातीर प्रकाशक सोदपाक तो म्हत्वाचो आशिल्लो."
711c34cf-261c-47a9-ada9-9a8491c7ccaf,भारतांतल्या उत्तर प्रदेशांतल्या लागसारच्या फतेहपूर सिक्रीक वचपाक तो आग्रा सोडून गेल्लो ते राती रमजान म्हयन्यांत हें घडलें.
ba82945d-ecf8-414e-b112-44e3be671e37,"जून 2013 त, जायते दीस अत्यंत खर पावसाक लागून ह्या वाठारांत नाशकारक हुंवार आयिल्ल्यान 5000 परस चड लोक बेपत्ता जाले आनी मेल्ले अशें गृहीत धरलां."
c84bde66-692c-494d-9321-ec3077e0d88e,तुमच्या पार्कांत चड करून कितले अतिथी रावतात ताचेर आदारून तुमी कितले वस्तूवळेरी विकत घेतले हाची येवजण करात.
55c26cf8-70e4-4484-8c00-14084d4381fb,शारासावन 6 कि.मी वयर आशिल्ली चटकपूर इको व्हिलेज ही एक सामकी सोबीत सुवात आसून जायत्या पर्यटकांत ती आकर्शीत करता आनी थंयच्यान सुर्योदय पळोवंक मेळटा.
0bbea7e1-4db1-47c9-98fa-cecf5edc6a63,नेटवर्किंग इव्हेंट सोडून वचचे पयलीं लोकांची संपर्क म्हायती मेळोवची.
a68e935c-32d3-42c6-9021-97214165b51f,"कुमुडलाल गांगुलीक आतां अशोक कुमार म्हणटाले, ताणें आपली अभिनय कारकीर्द खोशये भायर सुरू केली."
c7dd6507-b8b5-4286-a0a4-c21a66f6c30e,बापायची बदली महाराजाच्या कॉलेज हायस्कुलांत जाली तेन्ना नारायण आपल्या कुटुंबा वांगडा रावपाक म्हैसूरांत गेलो.
877a89db-1d62-4997-925a-f292df013e57,फेब्रुवारी 2005 त पश्चीमी तुफानाक लागून राज्यांतल्या कांय वाठारांनी 2 मिटर मेरेन बर्फ पडलो आनी चार दिसांनी 200 परस चड लोक सोंपलें.
c8def283-f942-4f00-8800-3411f5cfee3e,"उमाबाईचो अल्पवयीन पूत यशवंत रावाक सेनापती केलो, जाल्यार गुजरातांतल्या मराठा प्रदेशांत प्रत्यक्ष कार्यकारी सत्ता तिचे कडेन आशिल्ली."
0de88d04-4541-4d3e-a1b3-027cf7a1ec46,इज्रायेलांतलो हो वयस्क बायलांचो सगळ्यांत लोकप्रिय खेळ.
f678893f-b568-486a-ae1e-b082d8e13f21,"""वेवसायाचें नांव"" अशें बरयल्ल्या शीर्षका सकयल दिल्ले ओळीचेर क्लिक करात आनी तुमच्या वेवसायाचे नांव टाइप करात."
d2e1c9e3-f0b9-44b6-8bdf-0e7d10a3f5a5,पूण १६२० वर्सा जहांगीर दुयेंत पडलो आनी ताका लागून सत्तेचो सोद लागलो.
3a3ddf73-b110-422e-b27a-3eb6d307789a,नोकियाच्या फिनलॅंडी संचारण म्हामंडळान आपलो मुखेली 21 सप्टेंबराक बदलतले अशें जाहीर केलें.
f66acc74-0cd5-412c-a29e-5b7e043fa92b,"तुमी ऑनलायन खरेदी करतात जाल्यार, तुमका शक्य तितली बरी किंमत मेळटा हाची खात्री करपा खातीर जायत्या किरकोळ विक्रेत्यां कडेन तपासपाचें निश्चित करात."
9ea2ab95-374f-4f1d-a8a4-e5d76a8c7df3,23 फेब्रुवारी 1969 दिसा मधुबालाक मरण आयिल्ल्यान तांचें लग्न सोंपलें.
701937db-126f-4d40-bc2e-279f11383f64,"1972 वर्सा राज्याची स्थापणूक जायत सावन, राज्यांत 23 राज्य सरकारां जाल्यांत, जांचें आयुश्य 18 म्हयन्यांपरस उणें आसा."
4a105495-4577-42eb-981c-97e0ff2439be,"संपर्क बेकायदेशीर आसा काय ना हें थारावपाची जापसालदारकी रेफ्रीचेर आसता, ताका लागून केन्ना केन्नाय वाद निर्माण जातात."
09543360-c140-4b5b-8d34-da3a9cf606e9,एजन्सी तु्मकां पत्र धाडून अपील करपाचे तुमचे अधिकार समजावन सांगतली.
1dea1c28-4102-4f59-b8d0-674b79349d79,हाचे शिवाय बेलूर मठांत रामकृष्ण मिशन विवेकानंद विद्यापीठ नांवाचें रामकृष्ण मिशनान चलयल्लें मानीत विद्यापीठ आसा.
da4b9deb-46d6-413f-8dc4-8b3d5d2e936f,तुमचीं कारणां राज्य कायद्यो परवानगी दिता हाची खात्री करात.
caabbade-041b-4f3f-b706-4bef41904525,वाजपेयी देसायच्या मंत्रीमंडळांत विदेश वेव्हार मंत्री वा परराश्ट्र मंत्री म्हूण काम करतालो.
672557ff-81c9-4df5-83bd-513b37b9c24c,"देखीक, व्याजदर दशांश चिन्नान दाखोवपाची गरज आसा आनी तुमचें ""टी"" मूल्य वर्सांनी आसपाक जाय."
e14bee9e-3849-4d1c-ae5a-9a47d923082a,"रूपां ल्हव ल्हव एका वेवसायीकाची लवचीकता, अंतर्गत आनी भायली तांक, गती आनी शक्त तयार करतात आनी ते समतोल आनी समन्वय शिकयतात."
656a929e-7edc-46cf-a957-eaebb2f775e1,"पूण वर्साक 7,200 अमेरिकी डॉलर खर्च केल्यार तुमची बचत 144 अमेरिकी डॉलर आसा."
8a412bb7-6f59-4f3a-bc9c-f7799a659088,एक कार्यकारी येवजण तुमी कातीची जतनाय घेवपाचीं उत्पादनां कशीं तयार करतले आनी विकतले हाचे येवजणेचो हवालो दिता .
ec555c1e-f21a-46c9-a864-c0d42ee2bd5b,स्वताखातीर गरज नाशिल्ली वस्त घेवचें बदला रीण फारीक केल्यार दीर्घ काळाखातीर तुका बऱ्याक पडटलें.
aef6aab6-3ba5-4d66-8b71-4db5885c591e,ह्या शारांत ब्लूज सारक्या पश्चिमी संगीत प्रकारांतले लेगीत उत्सव जातात.
014d636d-f5ac-48c8-890b-923920f78c1f,"तातूंत उल्लेख करपा सारको वरंगल किल्लो आसा, जी काकतीय राजवंशाची राजधानी आशिल्ली."
f3cdd586-f4bb-4c7e-bf05-adcc7a9fb602,"काश्मीरांत पावतकच, हैदरान सैयद गटाचो मुखेली नझुकाक सुलतान म्हूण नेमलो."
c86617bd-eb22-401b-a6f2-b65a02983235,उण्या खर्चाच्या दरांची वळेरी तुमच्या पर्सांत दवरात.
9d25fd5d-120e-4fdc-b2bb-25f26777da72,"आणीबाणीच्या काळांत ताणें आपल्या इश्टां वांगडा, खास करून बंसीलाला वांगडा भारत वास्तवीक पणान राज्य चलयलें अशें म्हण्टाले."
82819c30-e034-4ada-90ea-c6322abd641d,बद्रीनाथ ते वसुधराचें मदीं 9 किमी अंतर आसा.
ce89a214-2705-42cf-a84d-2f04bf908db3,"हिंदू कार्यकर्ते आनी थळाव्या मुसलमानां मदीं झगडीं जालीं, आनी रेलगाडयेक उजो लायिल्ल्यान 59 जाणांक मरण आयलें."
0bef0793-f8b6-4f4c-b3f6-d74215540b5a,"हांगा जायतीं देवळां, इगर्जी, स्मारकां, उद्यानां, मशिदी आसात जे पर्यटकांक फुसलायतात."
aaa8a471-bd7c-4dc2-b863-1120cc828045,वयल्या पांवड्यार वचपी जायते अंडाकार स्तंभ आनी रॅम्प आशिल्ल्यान हेर सात ल्हान स्टेडियम आशिल्ल्या वाठाराच्या फुडाराच्या देखाव्यांत भर घालतात.
0ea05fd0-ad22-405c-a382-bbd8281db248,मौर्य सत्ताधारी सगळ्यांत व्हडलो अशोकान प्रदेशाचेर चड घट्ट नियंत्रण दवरलें.
0f492c76-629c-4027-9236-d7563a71574e,"आदीन सॉफ्टवेअर इंजिनियर जावचें म्हणून ती ताका समजावपाचो यत्न करता, पूण ताचो कांयच फायदो जायना."
e17e5ad6-de3b-4076-b749-05920b0b9143,"गाडी सुटसुटीत गती घेता, आनी तुमकां कसलोच ठणठण वा करकर आवाज आयकूंक येना हाची खात्री करात."
97c49518-4b00-402f-97be-e2f503def6d4,भारताचो चडसो भाग एकवटीत करपी पयल्या राज्याची बुन्याद घालपी चंद्रगुप्त मौर्य हो भारताच्या इतिहासांतलो म्हत्वाचो व्यक्ती आशिल्लो.
14df2b53-3b1e-4e01-ab0f-96ed1e0f7d22,गुरवारपणांत जावपी संसर्ग गर्भांतल्या भुरग्याच्या मज्जातंतूपेशीच्या विकासांत जावपी बदलांकडेन जोडला.
bf934069-5132-4e41-bfa6-7437e349a7dc,"गौतम बुध्दाचे भुंयेचे राज्यकर्ते म्हूण, पालांनी बौध्द जगांत मोठी प्रतिष्ठा मेळयली."
86ead5ba-6607-4ebe-ac26-57cf297e7f89,फोर्ट सेंट आंजेलो वा सेंट आंजेलो किल्लो 1505 वर्सा कण्णूरांत आनी फोर्ट सेंट थॉमस 1518 वर्सा कोल्लमांत पोर्तुगेजांनी बांदिल्लें.
7bb8f56c-bd66-4445-93d5-4001f9cefa3b,"जफरान उपरांत कराची एक्स्पो सेंटरांतल्या लायफस्टायल पाकिस्तान एक्स्पोंत लेगीत सादरीकरण केलें, थंय ताणें डिझायनर ब्रँड चेनवन खातीर रॅम्प वॉक केलो आनी धोल लेगीत वाजयलो."
e6f0a435-601c-4889-881d-649266d12ea4,"भारताच्या ह्या ईशान्येतल्या कोनशाक हवामान भोवतेक करून खेळीमेळीचें आसूं येता, तरी शिंयाचे दिस थंड आसूं येता."
1fbd94d6-6fc4-492d-8ed3-1219ed420680,फिजीन कॅनडाचेर 29-16 अशी जैत मेळोवन वेल्साच्या मुखार पूल बींत दुसरे सुवातेर वचपाक म्हत्वाचो बोनस पॉयंट मेळयलो.
5c93d66f-61b9-42c4-a3d7-f93d83ae6cc8,"मरणाचें कारण अजून निश्चीत ना, पूण आयज जाता तितले बेगीन शवचिकित्सा जावं येता अशें अधिकाऱ्यांनी सांगलें."
af038c20-6b12-4a73-be15-091e55e7276b,"सुरक्षा कारणांक लागून, कॉस्टकोन तुमचें सदस्यत्व रद्द करचे पयलीं तुमची वळख तपासची पडटली."
6d8e5123-d222-4892-b011-6e581c45e9bd,"त्या वर्सा ताणें आमीर खान, कॅटरीना कैफ आनी फातिमा सना शेख हांचे वांगडा स्वॅशबकलींग कृती-साहसी फिल्म थग्स ऑफ हिंदोस्तान फिल्माचें चित्रीकरण सुरू केलें जें नोव्हेंबर 2018 वर्सा प्रदर्शीत जालें."
e8117926-0be5-4702-a665-058da5e5751e,दाभाडे कुळाक अर्दी येणावळ शाहूच्या तिजोरींत जमा केल्यार गुजरातांतल्यान चौथ वसुली चालू दवरपाची परवानगी दिली.
3eb0b9ea-e769-438a-8ce5-af239e523ef6,राज्य सरकार शिक्षणीक दर्जो वाडोवपा खातीर तिगोवपाचे यत्न करीत आयल्यात.
bd3e7c4a-01f4-4e1d-bbc0-e3176c957e67,ह्या घडणुकांक लागून नागा लोकांमदीं खोल समाजीक बदल घडोवन हाडपाक सुरवात जाली.
66d2a3fd-fb82-4d70-8e5a-2c7ea0dfc141,जायतीं तालवाद्यां वापरली जाल्यार मुखेल कलाकार परत एक फावट राग उखलता मेरेन तांचो एक लयबध्द संवाद जाता.
72863638-7708-40cd-be30-60164e269b72,कृष्णाचो जल्म मध्यानराती जाल्ल्यान हो उत्सव सांजे मनयतात.
3c91dc1c-7907-4792-953f-09cd0068a6ff,"देखीक, कोक पियेवप आवडटा जाल्यार तुमी कोका-कोला कंपनीचे थोडे शेअर विकते घेवपाची इच्छा आसूं येता."
eee9469b-faa7-4ce0-8f64-5d9c5886d492,पूण आंग्ल-मराठा झुजांत ब्रिटिशांनी तांका हारयिल्ल्यान भारताचो चडसो वाठार वसाहतवादी सत्तेखाला उरलो.
a028fb02-b3c8-45fe-941d-9308b9195f18,तावी न्हंयचे देगेर बांदिल्लो हो पुर्विल्लो किल्लो जम्मूचो पारंपारीक संस्थापक जंबूलोचन हाचो भाव बाहूलोचनान बांदला अशें मानतात.
8ca5a9b8-b800-4fe3-967b-2b3b4c1dd6db,कांय मिण्टांनी लेगीत उसरां पावल्यार तुमी सादर केल्लो अर्ज अपात्र थारूंक शकता.
dd58473a-91d2-4ce9-ac80-adb2d1eae943,पानीपतच्या तिसऱ्या झुजांत अहमद शाह दुराणीन मराठा संघाचो पुराय पराभव केलो आनी १७६१ वर्सा मोगलांची पुनर्स्थापना केली.
72d5ce73-d686-4c90-a85d-04618c9a6fbf,तुमचो खर्च तुमच्या खरेदीच्या मर्यादे परस चड आसल्यार तुमकां तो कमी करपाक सुवाती सोदच्यो पडटल्यो.
d1f467c3-30d7-47de-b50a-1171d8f5ec4b,किल्ल्याचो गव्हर्नर थॉमस पिटाक ईस्ट इंडिया कंपनीन शांतताये खातीर खटलो चलोवपाक सांगलें.
8639a97d-585d-456d-9355-0db5949b5eec,"उक्त्या वाठाराचो वापर करून पार्क, खेळां मैदान, वा सूखदिणें वाठार तयार करचे जंय तुमच्या सोयऱ्यांक तांच्या आर.व्ही. भायर वेळ घालपाक वचूं येता."
852f5790-625f-4209-9f61-856878318227,तशेंच तें कारगील जिल्ल्याचें मुखेल कार्यालय आसा.
5138bead-ec33-4ca2-942a-4b35965cd90f,नर्मदा देगणांतल्या हथनोरा हांगा मेळिल्ल्या होमो इरेक्टसाचे एकसुरे अवशेश मध्यप्रदेशांत मध्य प्लेस्टोसीन काळांत वसणूक केल्ली आसूंये अशें दिसून येता.
8c368dc9-d663-4d08-b14f-c6885c6645cb,सगळ्या धनुर्विद्या विशयांतल्यान ही सगळ्यांत चड मागणी करपी उपकरणां विशींची पद्दत.
f5f922cb-4221-4a01-8bf6-917fa9d5a9b6,तुजें लायब्ररी कार्ड घे आनी पयशें फारीक करिनासतना पुस्तकां आनी डी.व्ही.डी. वापरून पळय.
6732d9d9-7485-4cb9-846d-113944d20c7c,"हळडुव्या जोराच्या हॅमस्टर मॉडेलांत, अँटिव्हायरल रिबाविरीन हें वखद सुरवेक दिवप हो ह्या दुंयेसाच्या जायत्या रोगनिदानशास्त्राच्या प्रकारांतलो एक प्रभावी उपचार."
a644a050-54cf-4b46-b378-3b8ebef717c8,"थळाव्या मुखेल कारागिरीं मदीं लांकडी नकशीकाम आसा, जें उत्तराखंडांतल्या अलंकृत सजयल्ल्या देवळांनी चड करून दिसता."
ce7eb6ae-208d-4c1f-82d7-11917b217bae,हें धरण सुमार 22 गांव आनी 14 ल्हान खेड्याची उदकाची गरज भागयता आनी मैसुरू आनी बेंगळुरू शाराक पिवपाच्या उदका पुरवणेचें एक म्हत्वाचें स्रोत आसा.
170ce6f3-c6a4-4969-8634-447e556f072e,रिव्ह्यू बटनाचेर वचून (चड करून आसता) नियाळ करूंक नाशिल्ल्या वस्तूंची वळेरी पळय.
a5a080f6-7093-47b3-87ca-bb97f937357f,"बेकायदेशीर रेंव काडपी माफिया खूब सक्रीय आसात आनी राजकारणी, अधिकाऱ्यांचो ह्या माफिया वांगडा बरो संबंद आशिल्ल्यान हें थांबोवप भोव कठीण जालां."
fe5ded90-08d4-4eb5-b69c-9ac978ff1440,त्या वेळार सगळी सत्ता बलबाना कडेन आशिल्ली आनी 1266 त तो सुलतान जालो. खालजींनी तांका उमथून उडय मेरेन बलबनाच्या वंशजांनी दिल्लीचेर राज्य केलें.
a939543f-9e63-40aa-a133-42563da8dca1,"2021 वर्सा, देसायान ऍमेझॉन प्रायम वेब सिरीज मुंबय डायरीज 26/11 हातूंत काम केलें."
2d500266-d8dc-4b19-b87e-9aa9b872388f,खंयचेय परिस्थितींत ते कॅम्पिंग करून रांकेंत रावपाक दितात काय कितें आनी हय जाल्यार लोकांक केन्ना कॅम्पिंग सुरवात करपाक दितात ते विचार.
9e94f5bd-a8e9-45c0-b278-2ba77710f565,पुणें आनी लोणावला सावन कोंकणांत येवपी येरादारी खातीर अतिरिक्त मार्गांची गरज मतींत घेवन ह्या मार्गाचो प्रस्ताव मुखार आयलो.
a15e208c-d2a6-4175-af63-5b335aef5cf8,हें शार कोल्लम शारासावन 66 किमी अंतराचेर आसा आनी तमिळनाडू राज्य शिमेसावन फकत 14 किमी अंतराचेर आसा.
14fe1e08-c7f3-43c0-83e4-188b31049031,"पुलाकेशिनान जायत्या निश्ठावान नोकरां वरवीं एका विशाळ, लश्करी नदरेन बळिश्ट आनी अर्थीक नदरेन समृध्द राज्याचेर राज्य केलें अशी गवाय चीनी यात्रेकरु क्सुआनझांग दिता."
c94dc46c-12e0-447d-b4a4-d67032eacced,"ताच्या अमेरिकन भेटींनी कांय प्रमाणांत प्रेरीत जाल्ली आनी तातूंत भारतीय आनी अमेरिकन दोनूय रूढीबध्द खर गुणवर्णन आसून, जायत्या संस्कृतीक फरकांचेर आदारून आसा."
0bcc746d-e8f8-405e-a647-1d95c6dfdb5e,"हेराल्ड पार्कांत लोकप्रिय शिबीर वाठार, तशेंच दिसाचो वापर वा सहल करपाचो वाठार आसा."
a1c69d2b-6011-4b01-a141-216ee48572e7,दुसऱ्या म्हाझुजाच्या काळांत मणिपूरांत जपानी आक्रमक आनी ब्रिटीश भारतीय सैन्य हांचेमदीं जायतीं खर झुजां जालीं.
c8952b60-5060-4cb4-add3-832e158e059c,अशे तरेन राग स्थापन जातकच ह्या गीताची सुरवात चड करून उतरांनी जाता.
d5fec70d-ef50-444f-b788-81b2ed8cafaa,"दक्षिणेक मेवाड वाठारांत मेवाडी, जाल्यार वागडच्या दोंगराळ भागांत वागडी ही भिल्ल भास उलयतात."
70b4aad6-9028-4ff1-895e-3d2f9b6765b3,१९१५ त गोखलेच्या मरणा उपरांत काँग्रेसीच्या राजकारणाचेर मवाळ लोकांचो प्रभाव उणो जालो.
3e2d624c-6aa8-41e7-9d02-9cb1559f8dd0,मौर्य उपरांतच्या काळांत सातवाहनांनी डक्कन वाठारांत शांतताय स्थापन केली आनी परकी आक्रमकांच्या आक्रमणाक प्रतिकार केलो.
9847cc5b-32f7-4c10-832a-20bf71e1ff2e,"कॅल्क्युलेटरांत संबंदीत आंकडे घाल, गणना बटण क्लिक कर आनी तुमची नियतकालीक फारीकणी फारीक जातली."
ee434941-8a47-4fe1-ae29-72341159a410,"तांच्या राजाचेर 60,000 पायदळ सैनिक, 1,000 घोडेस्वार, 700 हत्ती ""झुजाच्या प्रांतांत"" पारो आनी देखरेख दवरतात."
82d9ce73-1f1e-407f-9227-ecdf832eecfc,"कावेरी न्हंयेंतल्या उदकाची पातळी वाडिल्ल्यान तमिळ म्हयन्याच्या आदी म्हयन्याच्या अठराव्या दिसा, आदी पेरुक्कू मनयतात."
9f4cc6f4-ef3d-4278-a4e8-4ca3a6a6e895,बहुती धबधबो हो भारताच्या मध्य प्रदेश राज्यांतल्या रीवा जिल्ह्यांतलो धबधबो.
5546553d-00a9-452e-854b-a8a0d1e54832,"मलिक काफूर, खुसरो खान ह्या सेनापतींच्या आदारान अलाउद्दीनान दिल्लीचें सुलतान राज्य दक्षिण भारतांत विस्तारपाचें काम चालूच दवरलें आनी तांणी हारयल्ल्या लोकां कडल्यान व्हड झुजाची लूट (अनवतान) एकठांय केली."
a53e791f-48ab-4756-b87d-3eb632a4a796,"उश्ण कटिबंधीय पावसाचे हवामान टिकून उरिल्लें उश्ण वा चड तापमान आशिल्ल्या प्रदेशांचेर नियंत्रण दवरता, जें सादारणपणान १८ ° से.(६४ ° फाँरेनहाइट) सकयल देंवना."
4b373b4c-fe3c-4080-bfb8-be13d9b0729f,"ब्रह्मपुत्रा उदक क्षेत्रांत रानां कापिल्ल्यान मध्य आसामांतल्या काझिरंगा राश्ट्रीय उद्यान सारकेल्या संवेदनशील मोजताचीच्या मूलस्थानांत गाळाची पातळी वाडल्या, अकस्मात हुंवार येवप आनी माती व्हांवून वचपाची प्रकरणां वाडल्यात."
39e8edad-8ab8-468b-8bfb-b0035658e32f,"पुलकेशिन वैष्णवी पंथाचो हिंदू आशिल्लो, पूण बुध्द धर्म, जैन धर्म ह्या सयत हेर धर्मांक तो सहिश्णु आशिल्लो."
f38b7d58-74d1-4711-99ed-b6baba2a2038,ह्यो तिनूय घडणुको उत्तर वझरिस्तानाच्या अशांत उत्तर वाठारांत जाल्यो.
957df9fe-6ca3-431b-99ff-1269858037e5,"बुदवंतांनी तें पयस केलें, सुशिक्षीत मध्यमवर्गान तें टाळ्ळें आनी सादारणपणान ती एक असभ्यतायेची कृती म्हणून ताचेकडेन उणेपणान पळयताले."
c833fee0-6e1c-4ada-a968-dc57bf299b7e,"तशेंच गोली, जग्गियाहपेटा, गंतासाळ, अमरावती भट्टीप्रोलू, श्री पर्वतम हांगा व्हड प्रमाणांत स्तूपा बांदले."
80076cdc-4147-4d05-aac8-3d7be70ca697,"इंग्लीश, फ्रँच, डच, पुर्तुगेज आनी इटालियन लेखकांच्या समकालीन बरपांनी शिवाजीची ताच्या शूरवीर पराक्रमा खातीर आनी चतूर डावपेंचा खातीर तोखणाय केल्या."
f24f102c-3712-4898-ae2e-a512245ba327,2021 वर्सा ही विक्री दुपेट्टीन जातली अशी आस्त आसा. चायनांत विजेचेर चलपी वाहनांचो बाजार सगळ्यांत चड आसा जाल्यार युरोप आनी अमेरिकेंतय महत्वाची वाड जावंक लागल्या.
244cdfe1-8060-414f-9e16-540b7c9a9dce,मुळाव्या स्वरुपाच्या यॉजासारकी कातीची परिस्थिती दाखोवपी संसर्ग हिमोफिलस ड्युक्रेयीक लागून जावंक शकता.
ea9ba47a-6a53-4f0c-9b8f-66099606ccec,"चकमा, हलम, गारो, कुकी, मिझो, उचोई, धमाई, रोझा, मोघ मुंडा, उरांव आनी संथाल अशे आदिवासी गट आसात जे चहा मजूर म्हणून त्रिपुरांत स्थलांतरीत जाले."
a76259f4-f058-46d6-94f1-8b64c8efe657,"भारतभर जायते गोल्फ कोर्स आसात, तशेंच भारताचो वेवसायीक गोल्फ टूरूय आसा."
161fa96a-4c11-4db5-8ecb-0584d07b7c41,१२०५-१२०६ त खोखर बंडखोरांचेर ताणें केल्ल्या लश्करी कृत्यांक लागून घुरिद सम्राट मुइझ अद-दीनाचें लक्ष गेलें आनी ताणें आपलो धनी ऐबकाक मुक्ती दिवचे पयलीं लेगीत ताका मुक्त केलो.
3cbabb55-f029-4b69-ad52-9305a225b76a,मुखावेल्या तोंडाक दिशा दिवन वाऱ्यान ताका उखलचें म्हुणून पतंगाक आटापण दोरी आनी शेंपडी आसता.
d02a017b-76a5-44f6-855e-82a38fb5bd51,1822 वर्सा हरिद्वारांत स्थापन जाल्ल्या धर्मशालाच्या वास्तुशिल्पशास्त्राचो तपशील.
f5b89d19-d5ac-4178-95dd-fb23c6248c32,"चड करून, तुमी साचा वापरतात जाल्यार, तुमकां फकत जुळोवन घेवपाक जाय आशिल्ल्या वाठारांचेर क्लिक करचें पडटलें."
cf53d917-4c08-4e00-ad1c-dc8a9875b668,"देखीक, तुमी नातालाच्यो कुकीज दितात आसत जाल्यार त्यो नातालाची सजावट केल्ल्या डब्यांत घालच्यो."
5f27bd8a-2c34-435d-8d37-65b46bf0fa9a,हें स्वरूप खंयच्याच अधिकृत संस्थेन मंजूर केल्लें ना.
810bedf4-3201-4e4c-9a43-ccb46cbfbddc,"तलाकोना हो धबधबे, दाट रानां, आनी रानवटी जनावरां आशिल्लो रिसॉर्ट."
60af4ba2-fdfb-4995-b9fe-81e68d799320,अनंत हांणी सोद घेतना कौंदिन्यान जें पळयलां ताचो अर्थ उक्तो केलो.
2d25cacd-062f-47fe-8200-19daa1da9d08,विंगड विंगड वंशीक आनी लोकसंख्यिकी गटांत इंग्लीश एक सामान्य भास म्हण उलयतात.
7cb6063c-2400-4832-b184-cb632c5cb9c8,"दर दिसा 1,277,801 प्रतीं सयत कोलकातात उजवाडाक येवपी आनंद बाजार पत्रिकाचें, भारतांतल्या एकाच आवृत्तीच्या, प्रादेशिक भाशेच्या दिसाळ्याचें सगळ्यांत चड विक्रेचें प्रमाण आसा."
32bf26ce-5e91-4b3f-a5d9-4d28190c4de5,शोले ह्या सिनेमांत जेलर म्हणून ताणें केल्ल्या भुमिके खातीर आनी १९७२ ते १९९१ ह्या काळांत राजेश खन्नान मुखेल भुमिकेंत घेवन ताणें २५ चित्रपटांनी केल्ल्या पात्रां खातीर ताची चड नामना आसा.
8ecaa1c2-f46d-4e7f-a693-7e86989890b4,ह्या पार्कांत तरातरांच्यो वनस्पती आसात.
99d6d279-c58c-42ad-aa6d-262c3313b89e,चड सॅन्सर केल्ल्या प्रसार माध्यमांनी तिचे विशीं जें बरयलां तें वाचून तिणें आपले लोकप्रियतेचो एकंदर चुकीचो अदमास केल्लो आसूं येता.
177a46ec-c2bb-42fc-a838-fe13f02dd5b7,ह्या प्रवासा कडेन संबंदीत आशिल्ले जायते वेद मंत्र आसात.
2372d862-c731-47d2-90e1-b7485b08cdbe,"कॅनडा, दक्षिण ऑंटॅरिओच्या सँटेनियल पार्कांत सार्निया पुलीसेन 911 ह्या फोनाक जाप दिली, आनी कोयोटाचे सरभोंवतणी रावले."
afff4c15-fef2-4ebb-b315-d2d7807a5e5c,उरफाटें अलाउद्दीनाचो दिपालपूरचो गव्हर्नर मलिक तुगलकान सद्याच्या अफगाणिस्तानांत आशिल्ल्या मंगोल प्रदेशांचेर नेमान धाड घाली.
21ffa26c-df00-4578-8aa1-5b208a446c60,"गांवांतले जमीनदार, हुशार तरणाट्या दुर्दशेविशीं जाणून घेवन, ताणें पावल उखल्लें आनी दिल्ली पॉलिटेक्निकांत पदव्युत्तर पदवी मेळोवपा खातीर ताचो खर्च भागयलो."
ae66fb86-428f-414c-8faf-53476c3f4ba6,"एक दीस आदी आनी नताशा उर्फ निक्कीची अनपैक्षीत भेट जाता, आनी खिणांतूच ते आदीक प्रपोज करता."
bfe59635-c708-4efb-a3df-95e11b7b261c,तो टीव्ही अणभव आसतना तुमी परत आनी केन्नाय एक रियलिटी टीव्ही शो करपाचेर विचार करतले?
98fb63ef-94b4-4ea2-b825-9d46bb32f1aa,ताणें 110 वयर चित्रपट आनी 500 वयर प्रसारीत टॅलिव्हिजन सिरियल्साच्यो एपिसोड केल्यो.
ec16674c-1d9b-47c5-93da-68b28ec92c90,तशेंच ह्या कायद्यान गव्हर्नर जनरल आनी मंडळाक विधिमंडळाचे अधिकार दिले.
ed7b2e6b-b1c6-4aef-bf90-64972d02c7ca,निजामाच्या तेंपार तो करीमनगराचें मुख्यालय आशिल्लो.
29b32d4a-e82f-45a1-8f2c-32f7a4e8f326,अहमदाबाद साबरमती न्हंयचे देगेलागीं वशिल्ली आसून ती ताचें जुवळें शार म्हणून वळखल्ल्या गुजरातची राजधानी गांधीनगरसावन 25 किमी (16 मैल) आसा.
6c450220-434a-48f3-b517-372b844e9504,मरणा उपरांत 1983 वर्सा भारत रत्न हो पुरस्कार दिवन ताका सन्मानीत केलो.
e42253b2-03ee-471e-89ac-682826e41d45,"आंतरराश्ट्रीय हॅंडबॉल महासंघाची स्थापणूक 1946 वर्सा जाली आनी, 2016 मेरेन, 197 फेडरेशनां वांगडी आसात."
5e5edc88-8448-4cc8-84d3-7ed22eefd7ba,तें मदुरै शारासावन सुमार 7 किलोमीटर पयस आसा आनी ग्रेटर मदुरै शाराच्या दक्षीण पश्चीम वाठाराचो एक भाग.
33789670-1d09-4a9d-9db7-e4606f409da8,बच्चनान मात आपले कंपनी खातीर निधी एकठांय करपा खातीर आपलो बंगलो घाणाक दवरला अशी विनवणी केल्ली.
a0aab964-cde4-45fe-abb6-d98ff171cd1f,अलाहाबाद उच्च न्यायालयान इंदिरा गांधीन वेंचणुकेच्या कायद्यांचो भंग केला म्हण दोशी थारायली.
7e129e7d-c40c-4d0b-addc-320d4cfdc853,तुमकां प्रमाणपत्राची छापपाक योग्य डिजिटल प्रत धाडटले.
8ec97b9a-d0ba-45ad-817a-e421846534eb,ग्रेव्हस दुयेंसाचो दोळ्यांचेर जाता तो विपरीत परिणाम बरो करपाखाती दोळ्यांच्या वयल्या आनी/वा सकयल्या पापण्यांचेर शस्त्रक्रिया करूं येता.
35b2293a-8a2b-45b3-a476-3184751372f2,रानांत माती खणटना ती चुकून एका शिंवाच्या पिलाक माती खणटाली त्या खोर्‍यांन मारता.
3333ba82-72f1-4422-ba95-78ee7c3fcc1f,उदकाचो साठो आशिल्ल्यान ह्या वाठाराक थळाव्या स्वरुपांत नवेगांव बांद अशेंय म्हण्टात.
debca9d7-053f-4f0d-848a-c09c1a2f500e,ह्या स्टेडियमांत 2003 वर्सा आफ्रो-आशियाई खेळा सर्त जाल्ली.
1ad5fe29-eb09-4f4e-9d81-d0599c3763ac,दरेक गांव ल्हान राज्या भशेन वागतालो आनी मुखेल्याक लाल म्हणटाले.
858e4d1d-2002-4309-ae4f-db180b73b3a2,"1970 च्या शेवटाक ताका स प्रादेशिक उत्कृश्ट अभिनेतो फिल्मफेअर पुरस्कार मेळ्ळे, तातूंत सलग चार उत्कृश्ट तमिळ अभिनेतो पुरस्कार फावो जाले."
00e84d17-417b-4537-bc02-c9820e230c24,दोगांय मदीं खरो मोग आसलो तरी अर्जुमंद बानू बेगम ही राजकीय नदरेन हुशार बायल आशिल्ली आनी तिणें आपल्या घोवाचोच म्हत्वाचो सल्लागार आनी विस्वासपात्र म्हणून काम केलें.
36d79655-84ba-40c5-bb91-07230db1f0a4,"देखीक, एका तेंपार जो एक समुदाय मिशन आशिल्लो आनी दोंगराच्या माथ्यार तांचो व्हडलो खुरीस आशिल्लो ती आज तांचेखातीर इतिहासीक निशाणी चड जाल्या."
fed5c2b3-2332-4fe5-be34-1172f2e53b7e,हुमायून जेन्ना मुगल साम्राज्याच्या शिवासनार आयलो तेन्ना ताच्या कितल्याशाच भावांनी ताचे आड बंड केलें.
4f57a43c-c649-457a-9108-0232fc17caef,"उपरांत चंदेलांनी झूंज थांबोवपाचें आवाहन केलें, आनी ह्या वेळाचो उपेग करून आल्हा आनी उदल हांकां कन्नौजांतल्यान परतून आपयले."
0cae95a7-a4a8-436f-832e-c0e3895629a1,मूळ स्टेडियम 1980 च्या सुरवेक बांदिल्लें.
2d565b41-baf7-4c10-aa52-0a29307136da,गांधीक मरण आयिल्ल्या दिसा सावन ताणें पांयतणां घालप बंद केलें आनी परत केन्नाच पांयतणां घालूंक नात.
d6984b15-16bb-4733-89ae-a5aeca31f8c3,कारन्तान केल्ल्या कांय बदलांचेर मात टिका जाली.
f68d3fb1-3f72-4461-82bc-b9adcb4c6ee0,तोडून उडोवपा सारक्या उलोवपान तुका आनीक संभाशण करपाचें ना हो संदेश मेळटा.
a2bde7f4-84ae-4ad6-bbd3-3fe6bf443a25,जैन धर्माचो 23वो तीर्थंकार पार्श्वनाथान केवल ज्ञान प्राप्त केलें अशें अहिच्छत्रांत मानतात.
338378a0-8942-4fdf-b0f8-2db7acff15da,सुरवेक दिग्दर्शकांक ताचे कडेन वचपाची उमेद नाशिल्ली; पूण ही भुमिका ताका मतींत घेवन बरयल्या म्हणून लेखक रावलान आग्रह धरलो.
7b42afcf-6a72-449e-94cb-14ae05d03e27,"हाचेभायर गिरा दोंगुल्ल्यो, बरदा, जेसोर आनी छोटीला हे सगळे मेळून गुजरातांत व्हड अल्पसंख्यांक आसात."
c38405d0-d5da-44db-9dab-0df94ee05b6f,"प्रयोगशाळेंत. कृत्रीम बुद्धिमत्ता आनी तंत्र शिक्षण हे वनस्पती विज्ञाना खातीर मोठें वचन दितात, मुखेलपणान जेन्ना जीनोमीक अनुक्रम म्हायती आनी फेनोटाइपीक म्हायती एकठांय करतात."
05ee8c8d-50cf-4e65-b007-3183c9c98413,"देखीक- जाळी शॉट मारल्यार विरोधकाक शटलकॉक उंच उखलचें पडटा, जाका लागून स्मेश करपाची संद मेळटा."
a3e0120c-48be-4112-9538-168d83ecdb0b,"ब्रिटीश जांकां ""दोंगराळ जमाती"" म्हणटाले ते हे लोक."
0d4b1b74-fb17-4bc4-8205-91540f20f24d,फेब्रुवारी 2019 त ब्रिटीश हावज ऑफ लॉर्ड्सांत ह्या कत्तलीचेर चर्चा आनी वाद सुरू जालो.
fc06762c-684c-4a03-8bfb-6272c9d2e215,"1971 वर्साचें भारत-पाकिस्तानी झूज बांगला मुक्ती झुजाक लागून पेटलें, परंपरेन वर्चस्व आशिल्ल्या अस्तंत पाकिस्तानी आनी भोवसंख्य उदेंत पाकिस्तानी लोकांमदीं जाल्ल्या संघर्शाक लागून सुरू जालें."
e4d3d545-645e-46ed-865e-cc1345bb001e,"लंडनांतल्या, हुप लेन हांगाच्या गोल्डर्स ग्रीन स्मारकांत ताचें यादस्तीक आसा."
bfb26766-0948-46d4-a94e-4329e0a2c666,फाटीं सरतना फकत एक तृतीयांश फ्रँच सैनीक जीतें उरलें आनी ते फ्रांसाक परतले.
c0c6b835-2198-454f-a6be-8e5cd70abad2,"ताची नेमणूक जाता म्हणसर, मुगल सम्राट मुहंमद शाहान शिवाजीच्या मरणा वेळार आपल्या हातांत आशिल्ल्या प्रदेशांचेर मराठेचे हक्क मान्य केल्ले."
3e520640-7069-4c80-aa7a-9281600dccf4,"1978-79 च्या काळांत, बंडखोरांआड मोहिमेंत ऱ्होडेशियेच्या सरकारान गोरवां आनी मनशांआड एंथ्रॅक्साचो उपेग केलो."
b19e9e5f-e481-4f11-bb97-51349a4f8414,"१५८१ मेरेन तो फतेहपूर सिक्री सोडून लश्करी मोहिमेक गेलो ना, तेन्नाच ताचो भाव मिर्झा मुहंमद हाकीमान पंजाबाचेर परतून आक्रमण केल्लें."
a4e31844-ecc6-47e5-8d69-c959f68f851e,खंयचीय रिचार्ज करपाची बॅटरी धर्तरेखातीर एकदां वापरपाच्या बॅटरीपरस बरी आसता.
30302835-994b-4897-8e8a-a9005792068c,"द्वारकाधीश देवूळ, राधा दामोदर देवूळ, जुनागढ आनी डाकोर हीं पवित्र तीर्थस्थानां आसून तातूंत भगवान श्रीकृष्णाक समर्पीत देवळां आसात."
c03a264a-42ec-43a1-9816-4539b009f312,"1916 वर्सा, इंटरमीडिएट परिक्षेक हाजीर रावपा खातीर मुंबय वतना, भावेन आपलीं शाळा आनी कॉलेजीचीं प्रमाणपत्रां उज्यांत उडयलीं."
88fb2da3-319b-448b-9ecb-8fe9672b8dd2,"इंग्लीश, हिंदी, बंगाली आनी पयलेच खेपे तमिळ आनी मराठी सिनेमांनी काम केल्ल्यान 2015 वर्सा हुसेन चडांत चड चित्रपटांनी झळकलो."
4afec22a-f5da-47cc-8993-aaa83ed4790d,कॅनडाच्या गव्हर्नर जनरलाचें घर आशिल्ल्या रिड्यू हॉला भायल्या बर्फाळ मैदानाचेर लॉर्ड स्टॅनलीच्या कुटुंबांतलीं बायलां आयस हॉकीचो खेळ खेळटालीं.
cc6b086b-9fd2-424b-ac7c-8890be2f7f9e,हो आगळोवेगळो भुगोल म्हणल्यार आदल्या फ्रँच इंडियेच्यो शिमो राखून दवरपी पुदुच्चेरीचो वसाहत काळांतलो वारसो.
1e0bcd3e-504c-4f77-9e8c-a9f4f5847864,सेंट पॉल ही एकदां पुराय आशिया खंडांतली मुखेल जेजुईट संस्था आशिल्ली.
e9ea7a14-9fff-49df-8c28-df6b9ad96e82,आदीं थंड हवामान आसून लेगीत ऑस्ट्रेलियांतल्या न्यू सावथ वेल्सांत उश्ण ल्हारांची परिस्थिती परतून सुरू जावपाची शक्यताय आसा.
3abc855e-903c-40a4-83f8-04fcbab1a34a,वास्तवीक स्वरुपाचीं आनी आव्हानात्मक अशीं उद्दिश्टां थारावचीं.
7c762257-24c9-49c3-9252-7c04183144f9,"विसाव्या शेंकड्यांतलो भारतांतलो एक व्हड लेखक म्हणून ताका मानतात, तरी समिक्षकांनी ताच्या बरपावळीचें वर्णन मोगाळ, निरुपद्रवी आनी सौम्य अशा विशेशणांनी लेगीत केलां."
86ea2436-6b05-437d-82a5-9c5acfdb7673,"तातूंत चंडीगढ राजधानी प्रदेश वा व्हडल्या चंडीगडाचो चडसो भाग आसा, जातूंत लागसारच्या पंचकुला आनी मोहाली ह्या उपग्रह शारांचोय आस्पाव जाता."
085ba4db-5398-4fda-9cb6-66ae865945aa,"ह्या निशेधा वेळार ताणें पुलीस अधिकाऱ्याचो मार खावन, जखमी जावन 17 नोव्हेंबर 1928 दिसा ताका मरण आयलें."
9d867561-d08c-48ed-97ef-578d615f79d9,तुका पत्राची चवकशी करपाची आसल्यार ह्या खात्याचेर ईमेल धाडचो.
d1af35a0-e4d9-4654-aae9-15bc5bd8796e,तातूंत सादारणपणान फाटल्या वर्साच्या कंपनीच्या गिरेस्तकायेचो व्यापक नियाळ दिता.
2e639e28-5489-4ce8-a891-8592db7c3e9c,सातवाहन राज्याच्या स्थापनेच्या तारखेविशीं अनिश्चितताय आशिल्ल्यान सातवाहन राजांच्या कारकिर्दीच्या काळांतली निरपेक्ष तारीख सांगप कठीण जाता.
8ea735db-7e57-4a3d-ad48-c618e730c4fb,"भारताच्या काळजांत आशिल्लें छत्तीसगढ, हें गिरेस्त संस्कृतीक दायज आनी आकर्शक सैमीक विविधतायेन संपन्न आसा."
f56ce2db-0f56-4a98-b6d5-b19a7b4dfe84,"इम्फाल रेल्वे स्थानक, हें मणिपूरची राजधानी इम्फाळांत बांदकाम सुरू आशिल्लें रेल्वे स्थानक आसा."
a5b19be4-5fff-452a-b8fd-1ddd5f733f00,आमी सगळ्यांनी तें इंटरनॅटाचेर पळयलां.
40a872bf-c16c-48aa-8939-a31626624581,"10 नोव्हेंबर 2009 दिसा, पिरायेच्या 51 व्या वर्सा अंधेरी, मुंबयच्या एका हॉस्पिटलांत तिका मरण आयलें."
a6cb0099-53fb-4000-bdfa-af228ff35330,"खास करून, ध्रुपद म्हणून वळखतल्या संगीत प्रकाराची ताच्या दरबारांत बरीच उदरगत जाली आनी तो प्रकार कितलेशेच शेंकडे ग्वालियर घराण्याचो एक म्हत्वाचो भाग उरलो."
20ddb590-a5e4-4021-910c-d1bb5e82cc31,"फुडें तिणें हिंदी चित्रपट उद्देगांतल्या कांय व्हड नांवां वांगडा सहाय्यक भुमिका केल्यो, चड करून मुखेल पात्रांची आवय म्हणून."
1547ccf3-38af-4ce7-b6db-b503f88ae8e4,"पोर्ट ऑफ स्पेनांत जाल्ले दुसरे कसोटींत, सचिन तेंडुलकारान पयल्या डावांत 117 धांवड्यो करून 93व्या कसोटी मॅचींत 29 वो कसोटी शेंकडो काडून सर डोनाल्ड ब्रॅडमनाच्या 29 कसोटी शेंकड्यांच्या विक्रमाची बरोबरी सादली."
0affdf5c-7215-4ccb-a35e-c3d87a22b059,"पेरियार न्हंयच्या देगणांत, उंचेल्या पठार वाठारांत जमनीच्या रेंवेचें खणकाम व्हड प्रमाणांत चलता."
92b6b710-0afe-4057-a4d6-f51b82044b9d,हातूंतलें उदक पिवपाखातीर वापरतात देखून हातूंत न्हावप आनी पेंवपाचेर खूब निर्बंध आसात.
ca26ce4a-0f21-4e23-89f0-82655f747cbd,जायते खेळ लश्करी व्यायामांतल्यान उत्पन्न जाल्ले आनी शारिरीक सहनशक्तीचेर ते भर दितात.
bba0ba87-7bd6-42d2-8e90-2697eed6b7b3,ताणें उत्कृश्ट दादलो पार्श्वगायक म्हणून 8 फिल्मफेअर पुरस्कार मेळयले आनी त्या विभागांत सगळ्यांत चड फिल्मफेअर पुरस्कार मेळोवपाचो विक्रम ताचे कडेन आसा.
3e09cc24-4e92-4e14-813d-838e6e65a7ca,तें दवरपाक शीतपेटी वा वार्ताफलक ही एक बरी सुवात.
b1a177eb-bbe3-4806-82c3-4aebbf06e178,"जेनकीन्स शाळा, सुनिटी अकॅडमी, कूच बिहार रामभोला हायस्कूल अश्यो कांय नामनेच्यो शाळा आसात."
d0bbd4e0-bdd0-4bb9-b235-501cf19a4df3,वेवस्थापन विधानांचे पुनरिक्षण स्वतंत्र सी.पी.ए. कडल्यान जायना.
3debdca1-dd2f-4065-afbc-b8177d34fd45,फ्युसिलाक फाऊल केल्ल्यान दुसरें हळडुवें कार्ड मेळ्ळ्या उपरांत उरुग्वायच्या पंगडांत फक्त णव खेळगडे उरले.
5d956f1e-244e-4c42-8ad8-7b543b85a856,"हवेन भरिल्ली ""उदकाची कात"" वापरून गंगेचेर पेंवून सम्राट जिवो उरलो, आनी शांतपणान आग्राक परतलो."
bc31457d-4111-4680-be53-b7f70a6c0dd5,"शियांळ्यांत दिसपी शिकार सुकणीं म्हळ्यार धवें पोट आशिल्लें दर्या गरुड, हॅरियर आनी पेरेग्रीन फाल्कन."
7f101123-f8ef-461d-82d9-5a7f9d23747f,फाळणेच्या दोन दशकां उपरांत सुमार 15 लाख मुसलमान अस्तंत बंगाल आनी बिहारांतल्यान उदेंत बंगालांत स्थलांतरीत जाले अशें कच्चे अदमास सांगतात.
27cc9f58-3444-4f59-84db-1903083802ab,"तशें आसल्यार, हे तुजे खरेदीचे भावनीक कळ आसूं येतात."
0c605536-91f8-4838-803f-2d0d93547d12,सणाच्या दिसा गांवच्या घरां फुडलें आंगण निवळ करून आंगणांत शेण सारयतात.
1400ec98-75b8-4ab5-bb6f-bd563b05fda7,"ताचे वांगडाच, ताणें पंजाबाचेर अफगाणाचें नियंत्रण खिळखिळें केलें, शाही राजधानी दिल्लीचेर परपरत जावपी आक्रमणां बंद केलीं, राजपूत, रोहिलांक गुठालायले आनी औंध राज्य निश्प्रभ केलें."
6e0553e2-9b48-4991-9ac7-d0462c6236a4,"काँग्रेसीचे स्वयंसेवक नरहरी पारीख, मोहनलाल पांड्या, आनी अब्बास त्याबजी हांच्या आदारान वल्लभभाई पटेलान खेडा जिल्ह्यांत गांवा गांवात भोंवडी सुरू केली, कागाळींचें दस्तावेजीकरण केलें आनी कर भरपाक न्हयकार दिवन राज्यव्यापी बंडाक गांवकारांचो तेंको मागलो."
0d5443a1-3636-4aed-81c1-0bd4279fbdc5,आंध्र प्रदेश राज्यांतल्यान ही न्हंय बेल्लारी जिल्ल्यांत भीतर सरता.
ad7e1910-0a60-4924-9dc6-0efb076a1d3c,"तूं दिता त्यो अमक्योच सेवा वर्णवपी, यू.एस्.पी. तयार कर."
c395490f-8c5e-4200-af66-5a6764088699,"तशेंच, 18 ते 55 वर्सां पिरायेच्या लोकांक ऐच्छिक स्थलांतरण करप आनी एंथ्रेक्स वासीन करपाची कार्यावळ स्थापन केली."
cfc9e79f-c27d-44d8-a59b-05bb88455406,"खतखत्यांत उण्यांत उणे पांच भाज्यो, ताजे नाल्ल, आनी गोंयचे खाशेले मसाले आसतात जे घमधम वाडयता."
af7b51c1-3108-47b9-9cd4-c1bba6e1319c,"नर्सरी विभाग, ज्युनियर विभाग, आनी सिनियर विभाग अशे शाळेचे तीन विभाग केल्यात."
efeb70ae-006c-4a8d-88bb-912ed71e7528,"नागा पदार्थांत थळाव्यो वनस्पती, भूत मिरयां, आलें, लसूण हांचो खूब उपेग करतात."
318c05c6-a200-4dbe-a11e-17b6bab6a093,"उभयचर प्राण्यांचें प्रतिनिधित्व व्हडलें बेबक, सामान्य भारतीय माणको आदी जातींनी जाता."
365c15fd-24d5-4e1c-a422-acfbc7e83efa,उपरांत ताणें विकिमीडियाचो सामान्य वकील आनी हालींच नेमिल्लो अंतरीम सीईओ ब्रॅड पॅट्रीकाची वळख करून दिली.
c1b79890-f252-4808-a8dd-6fd8f5ffb423,"समकालीन इंग्लीश लेखकांनी ताची तुळा अलेक्झांडर, हॅनिबल आनी ज्युलियस सीझराकडेन केल्ली."
0f5d5c7f-81f6-43b2-af08-4b4b6275a812,"एकदां तुमकां कंपनी मेळ्ळ्या उपरांत, ते दर आनी सेवा करारांचे वळेरीचे सेवा कंत्राट दितले."
25c20c12-d32d-4dd0-a875-4ffadeebaa7a,चड करून हीं सरळ उदकांत उकडून रंगीत उदक तयार करतात.
486de86a-2201-45d3-a959-22cfb56b21c7,"सादारणपणान, चडांत चड लाबांश दिवपी कंपनीं मदीं पोरण्यो, चड आस्थापीत जाल्ल्यो कंपनी आसतात."
d5e21919-819c-40c5-8ccf-3555df97dac3,बोरलॉगच्या भाशणान तांच्या जिवीताचो मार्ग बदल्लो तें बोलोग्ना विद्यापीठांत दिल्लें.
e532bc70-c3b1-4bb3-b0e6-0af2ec309c08,नियोजन मंत्री रॉब हल्सान राज्याच्या नैऋत्येक माउंट गेलिब्रांड हांगा 38 कोटी डॉलराच्या नव्या पवनचक्की खातीर मंजूरी दिल्या.
f86a58fc-c9e9-4ee6-9be9-45a661e5864c,"राजस्थानाचो सगळ्यांत उदेंतेक आशिल्लो मेवाट प्रदेश, हरियाणा आनी उत्तर प्रदेश शीमेक जोडून आसा."
00362e5e-bad0-4a48-832a-b69d24030993,ग्रामीण वेवस्थापनाच्या वेवस्थापकांक प्रशिक्षण दिवपाक वेवसायीक शिक्षण दिता ह्या अर्थान इरमा ही एक आगळी वेगळी संस्था आसा.
caae93c7-1358-4434-b0a8-8bfe8cd0526d,हें समजून घेवपा खातीर कर वेवसायिकाचो आदार घेवचो पडूं येता.
7e71a493-983f-4638-84cf-f8d51dec0f0d,ताच्या राजवटीत चालुक्य राज्याचो विस्तार जावन भारत द्वीपकल्पांतलो चडसो दक्कन प्रदेश आस्पावलो.
d9a5e24d-5030-4fae-bac9-d293efa80aad,यंत्रशक्तिचेर तयार केल्ल्या विमानांक लागून पतंगांविशीं आस्था कमी जाली.
6980014c-5cc2-4842-94cf-4e03b7c7ba7b,"तें घडये अशें दिसतलें: ""तुमचें नांव, रस्त्याचो पत्तो, शार, पिन कोड, राज्य, बदलपी चिन्न"""
5055eebe-90ce-4966-a5e6-9d2be98bf1c5,"भीमान पुरोचनाच्या राजवाड्याक आडखळ घालून ताका उजो लायलो, ताका लागून पुरोचन स्वताच्या पापी कटाचो बळी गेल्ल्याची खात्री केली."
8dc69313-a444-4bd1-b0af-2b1382c1c4ef,बक्सरच्या महाझुजांतय ताणें ईस्ट इंडिया कंपनीआड झूज मांडलें.
7ed1417c-79f5-4ff4-a24d-838b71809db4,"ब्रिटीश संसदेचो वांगडी आनी एक्स्चेकराचो कुलपती ऋषी सुनकाचो, तो मांव."
a84e45dc-f1ad-4006-8e5c-a86b5386fd08,हिंदू पंचांगा प्रमाण हो उत्सव ऑक्टोबर वा नोव्हेंबर म्हयन्यांत जाता.
17540739-6dde-46f8-b107-94e6c3e250c8,"पूण खरेंच हे निश्क्रीय येणावळीचें माध्यम, कारण दुसरे कोणतरी तें हाताळिल्ल्यान तुमी बसून पयशे जोडटात."
4c1b1d0e-ee60-47eb-a376-179fc116aab2,"रग्बी फुटबॉलांत रग्बी युनियन, रग्बी लीग, अमेरिकन फुटबॉल, कॅनडियन फुटबॉल अशीं फूट पडली."
eac5b018-8d61-4f74-8800-f4ce3d0a3446,चड करून तत्वज्ञान वा भक्ती (देवतेची वा देवीची भावनीक भक्ती) विशयांकडेन संबंदीत आसले तरी कांय धृपदांची रचणूक राजांची स्तुती करपाखातीर केल्ली.
b0f9a558-064b-42db-a0db-923a38d6d60c,"काँग्रेस पक्षान स्वातंत्र्य मेळोवपाक दावो केलो ताचें अस्सलपण भारतीय, ब्रिटीश आनी संवसारीक अभिप्रायान चडांत चड मान्यताय दिली."
9acceaee-daa3-4769-826d-d3e0d43e165b,"गोंयच्या रांदपांत नाल्ल आनी नाल्लाचें तेल खूब प्रमाणांत वापरतात, तेवांगडा मिरसांगो मिरीं, मसालो, आनी व्हिनेगर, कॅथलिक जेवणांत वापरतात, ताका लागून ह्या जेवणाक एक आगळी वेगळी रूच मेळटा."
099cfe73-7dd6-41d8-be9e-a2e3c9aefbe4,राज्यांत वट्ट 12 शारां आसात.
cede08db-2d4f-4850-8d70-5fa9f51b2ffa,आता तुमकां कळ्ळें श्रिंगेरी श्रिनीवास आपूण पीक काडटा त्या केळ्यांचें कितें करता तें!
23353edb-dbd5-450b-8944-2b2a21efbf9a,राजकीय भूगोल: हें उद्यान भारतांतल्या अस्तंत बंगालांतल्या दार्जिलिंग जिल्ह्यांत दार्जिलिंग उपविभागांत आसा.
6764e2b5-0f6c-4b06-af70-5defef294931,मुलुगू सावन 17 किमी आनी तेलंगाना राज्यांतल्या वारंगला सावन 80 किमी अंतराचेर हें शार आसा.
70f48621-dbae-48a3-baaa-c24c7d1a83f6,"इब्राहिम रौझा ही लेगीत एक नामनेची तोफ आशिल्ली, जी ताच्या जायत्या नळयांक लागून फामाद आशिल्ली."
4c6d8dd8-3314-4eaf-9275-de85192afa50,लोहार राज्याचो विस्तार शेजारच्या देगणांनी जाल्लो आसूं येता.
93baa235-4233-4080-93b3-54903ffd7e77,नाणेघाट सातकर्णी पयलो हाची विधवा नागनिका हिणें जारी केल्लो एक शिलालेख मेळ्ळा.
b25ad1e6-ece0-448b-a036-0db7d0829fe1,"वयर दाखयल्ले प्रमाण, पिचीच्या दर एका तोंकाक धव्या रंगाच्यो चार रेगो घालून चिन्न करतात: एक गोलंदाजी क्रीज, एक पॉपिंग क्रीज आनी दोन रिटर्न क्रीज."
c6bd7d70-49d6-45eb-a632-2edb336fc43d,भारतांत ब्रिटीश एक नवे तरेचो धोको आसा हें टिपू सुलतानाक कळ्ळें.
808c9fb4-78f0-4101-bd09-c1e85e204513,"पृथ्वीराज विजयांत ताणें ६ भासांचेर प्रभुत्व मेळयलें अशें म्हळां; पृथ्वीराज रासो हाणें १४ भासो शिकल्यात असो दावो केला, जी अतिताय दिसता."
2df1ca61-a543-442f-bd3a-22d4ef3c85e8,तुमकां काम करपी सुवात सोदपा खातीर ऑनलायन सहकार्य सुवात सोदून काडात.
bd5b48cb-361c-4dda-a1b2-decf5e4bdfe4,1976 वर्सा ताणे चित्रपट मळार पांच वर्सांचो विराम घेतलो आनी ‘क्रांती’ हो क्रांतीकारी चित्रपट घेवन तो परतलो. तो त्या वर्साचो सगळ्यांत चड येणावळ कमोवपी भारतीय चित्रपट आशिल्लो.
683cc790-b667-47ea-9266-0f82acf5e546,उदकाच्या प्रवाहांतल्यान उर्जेचें नुतनीकरण करपाखातीर आतां पतंग तयार जावंक लागल्यात.
7f33f1a3-de25-4560-a767-3102af289443,शेवटाच्या दोन कसोटींत बरोबरींत अनिर्णीत टिकून रावून लेगीत 30 हार उपरांत गावस्कराचे सुवातेर कपील देव कर्णधार म्हणून घेतलो.
e32f4f29-c5e3-4a2c-af8a-a284e67a37df,हाचेवयल्यान ताचे एका परस चड भाव ताच्या स्वर्गारोहणा उपरांत जिते उरले अशें दिसता.
bc56b48e-aba3-4d6f-8652-9bbf691a8b5a,मुहर्रम हो इस्लामी वर्साचो पयलो म्हयनो.
4e2dcb81-978c-4ec3-9c48-9a84001df8c8,राष्ट्रकुल आनी हेर सुवातींनी लोकसंस्कृतायेचेर क्रिकेट खेळाचो व्हड परिणाम जाला.
0f548f8c-d3e0-4610-bb2d-62128bf00375,हेर पंगड चड करून आपल्या शो खातीर रॅकॉर्ड केल्लो पार्श्वभूंय हिम्मेळ वापरतात.
4b6507fa-641b-4f20-8869-dba931fc6489,"राजस्थानी पोशाख चड करून निळो, हळदुवो, नारिंगी अशा परजळीत रंगांनी तयार करतात."
c2cfed82-5ff7-4a56-b065-da408ba6f59c,"पेशवा बाजीराव आनी ताचे तीन नायक पवार, होळकर, सिंधिया हाणी ताचो उत्तरेवटेन पेशावर मेरेन विस्तार केलो."
55b38f8d-1b5e-4057-8ef6-795ac1b3196d,"आपणाक रस ना अशें तुवें म्हाल विकपी मनशाक सांगलें, तरीकय तुका फोन येत रावले, जाल्यार आपणाक 'फोन करनाका वळेरेंत' घाल म्हूण सांगप."
922ff419-3fae-41d8-a76e-f647ee125416,"वाद नासतना, किशोर आयज भावां मदीं सगळ्यांत चड लोकप्रिय आसा."
a9fdc665-39a9-47e2-b1cc-c4be2502656a,स्तनाचो कॅन्सर स्तन दाह वांगडा येवंक शकता वा थोड्याच काळा उपरांत जावंक शकता.
41b02655-f5a9-4590-af79-174dc03c2189,हाका लागून दिल्ली मॅट्रो संवसारांत अशें करपी पयली थारल्या.
ddc45a01-db43-490f-88b1-396e621d71d4,"केन्ना केन्नाय, दुकानांनी सवाय दरान वस्तू विकतले."
cb17feea-65d0-494e-96d5-eabfd20ff5ad,"फोन आनी ईमेल पत्रवेव्हारा वांगडाच, तुका इन्स्टाकार्टाच्या मदत केंद्रांतल्यान गरजेचीं म्हायती मेळूं येता."
f1d1dcc7-af23-4a2c-aa90-60aa7f5c2d14,"खुबशे थळावे लोक दर दिसा क्रेगलिस्टाचे वळेरेंत घालतात, देखून सोदपाक ही एक बरी सुवात."
a0ddeceb-690b-4112-9c1b-61d5fa54c8ee,पूण तातूंत गुंतवणूकदार म्हायती आनी समुदाय तशेंच दिवप ही प्रतिसादाची दोन हेर क्षेत्राय आसात.
7fb7ec41-cd5f-4e25-b3c2-e58114b95a57,बंगाल प्रांतीय मुस्लीम लीग फुडारपणाचे मत फुटील्लें.
64c17fd1-4f63-4109-b9ef-2ff8cb2d2e7d,"कोर्फबॉल हो मिश्र लिंगांचो बॉल खेळ, नेटबॉल आनी बास्केटबॉल हांचेकडेन सारकेंपण आशिल्लो हो खेळ संवसारांतल्या 50 वयर देशांनी खेळटात."
ca8b41e6-109b-4cc4-94c8-c6a3719d9400,निमाण्या दोन कसोटींत ताणें कांय धांवड्यो केल्यो आनी भारतान बरोबरी करून इंग्लंडाचेर सलग मालिकेंत जैत पुराय केलें.
8765679d-8ac4-4ffe-83c1-2a2fceb93c04,"""दरेका पाकिटांत 4 केळ्यांचो गर आसा. वट्ट 27 पाकिटां आसात. म्हणजे ही जालीं तुजीं 108 पिकील्लीं केळीं."""
20306b71-79bc-4422-ae63-2ea66c083f2e,सप्टेंबर 2014 वर्सा हो चित्रपट प्रदर्शीत जावपाचो आशिल्लो.
bb0c75fe-31cf-447a-81c3-c3e30ca7e306,त्या खातीर एक खाशेलें हवन करतात.
e276a721-5160-45b6-b836-d2b0bfb246af,"खाना वांगडा तिणें ड्रीमझ अनलिमिटेड हया कंपनीची सह-स्थापणूक केली आनी त्या कंपनी खाला तीन चित्रपट तयार केले, तातूंत तांणी स्वता अभिनय केल्ल्या फिर भी दिल है हिंदुस्तानी (2000) ह्या चित्रपटांतल्यान सुरवात केली."
eb25592f-164b-4694-9bfb-71050d897020,शीत झुजांत लढो दिवपी दोन दुस्मान महाशक्तींच्या विरोधांत आशिया आनी आफ्रिका ह्या नव्यान स्वतंत्र जाल्ल्या राश्ट्रांमदीं तेंको निर्माण करपाचो ताणें यत्न केलो.
f09fc8fb-309d-44b3-b3c9-c9bcb9dd3a68,"अ) जड हालचालीच्या उपेगाखातीर रिचार्ज करपाक येवपी जस्त क्षारीय, ली-धातू, आनी ली-गंधक अशीं घन अवस्थाचीं बॅटरी."
6ea693dc-cfbb-4df4-a081-8792ba9e6341,पूण चीनान रोखडेंच जैत जाहीर करून ते मॅकमहोन लायनीच्या फाटीं सरलें आनी 1963त भारतीय झुजा कैद्यांक तांणी परत केले.
bfbf1127-0a4a-4e8c-8597-ca1891322677,"एका कायदेशीर निर्णयांत ताच्या प्रयोगीक बॅलेच्या खंयच्याय भौशीक सादरीकरणाचेर ""यक्षगाण"" अशें बिल दिवपाचेर लेगीत बंदी घाली."
01ee4bbb-d770-41e4-81d2-d992e3cdeb31,मायक्रोसॉफ्टान आदीं जाहीर केल्ले प्रमाण ते आपल्या विंडोज एक्सपी ह्या फ्लॅगशिप ऑपरेटिंग सिस्टम सॉफ्टवॅराच्या पयल्या सर्विस पॅकाक सहाय्य दिवप बंद करतले.
f74e1ea6-e6de-4506-8d42-ecddda29df7d,अन्नांत रसायनां मिस्तूर जाल्ल्यान खुबशें फावटी दूशीत पदार्थ तयार जातात जे मनशाक घातक थारूं येता आनी हीं उत्पादनां गळपाची दाट शक्यताय आसता.
45d9195d-bfb6-4cec-87bd-1ebecc37ed5d,खरेदीदारांनी सेगीत साबार बॅच न्हयकारिल्ले इंस्टाकार्टाक आवडना.
42e88a30-f3d0-4cb6-926b-7c1045c7f2ce,"ही एक कांय प्रमाणांत वेळ काबार करपी प्रक्रिया आसूं येता, पूण तुमची कंपनी सोशल मिडियाचेर स्वताच्या बळार वाडपाची वाट पळोवप हो एक वायट डावपेच."
2300e50d-d1f1-4f2e-88d1-c1ee478a1630,अमरनाथ देवूळ भारतांतल्या जम्मू-काश्मीरांत आशिल्लें हिंदूंचें पवित्र थळ.
084c42dc-3f79-461d-b954-9381be00baaa,"जयराम, एंड्रिया जेरेमियाह, पूजा कुमार, पार्वती आनी पार्वती नायर हांचे वांगडा स्वता मुखेल भुमिका करपी कमल हासनान चित्रपटाचें सह-लेखन आनी सह-निर्मिती केल्या."
744fdd2a-fd50-4d8a-9b67-78bb3b161cde,गुजरात राज्य रस्तो येरादारी म्हामंडळ ही गुजरात राज्याभितर आनी शेजारच्या राज्यांकडेनय बस सेवा दिवपाची जापसालदारकी आशिल्ली मुखेल संस्था आसा.
